,이름,WHIP,승률,피안타율,피홈런율,이닝당삼진,이닝당볼넷,평균자책점,선수WAR
0,양현종,1.07,0.6666666666666666,0.22571819425444598,0.008207934336525308,0.8849077090119436,0.17915309446254074,2.2964169381107493,7.41
1,린드블럼,1.0,0.8695652173913043,0.21345407503234154,0.016817593790426907,0.9732234809474769,0.14933058702368693,2.502574665293512,6.83
2,김광현,1.24,0.7391304347826086,0.25190839694656486,0.01653944020356234,0.9468700683850605,0.1998947922146239,2.5092056812204104,6.38
3,산체스,1.17,0.7727272727272727,0.22503725782414308,0.0029806259314456036,0.896969696969697,0.2545454545454545,2.618181818181818,5.91
4,루친스키,1.18,0.5,0.2243502051983584,0.017783857729138167,0.6719367588932806,0.2540937323546019,3.0491247882552233,4.7
5,채드벨,1.31,0.5238095238095238,0.22563417890520696,0.018691588785046728,0.756634669678148,0.3557312252964427,3.5064935064935066,4.45
6,요키시,1.13,0.5909090909090909,0.2225201072386059,0.012064343163538873,0.778575372722253,0.21535063500828272,3.1308669243511873,4.21
7,서폴드,1.27,0.5217391304347826,0.23580246913580247,0.009876543209876543,0.702758979698074,0.28110359187922956,3.5137948984903695,4.18
8,레일리,1.41,0.2631578947368421,0.24146649810366624,0.012642225031605562,0.7734806629834254,0.35911602209944754,3.8784530386740332,4.1
9,고우석,1.09,0.8,0.16319444444444445,0.013888888888888888,1.0704225352112675,0.4225352112676056,1.5211267605633803,4.0
10,켈리,1.14,0.5384615384615384,0.21954484605087016,0.009370816599732263,0.6996113270405331,0.22765130483064966,2.5485841199333703,3.97
11,박진우,1.18,0.5625,0.23220338983050848,0.015254237288135594,0.6562054208273895,0.20684736091298148,3.145506419400856,3.86
12,정우람,1.25,0.5714285714285714,0.24050632911392406,0.016877637130801686,0.8261617900172117,0.27538726333907054,1.549053356282272,3.81
13,브리검,1.23,0.7222222222222222,0.22122571001494767,0.007473841554559043,0.8222643896268185,0.290955091714105,2.9601518026565468,3.67
14,쿠에바스,1.17,0.5652173913043478,0.2013157894736842,0.02368421052631579,0.7336956521739131,0.3423913043478261,3.619565217391304,3.58
15,유희관,1.28,0.5789473684210527,0.24710982658959538,0.011560693641618497,0.38531005418422637,0.25285972305839854,3.25105358217941,3.52
16,윌슨,1.16,0.6666666666666666,0.22411533420707733,0.009174311926605505,0.7405405405405405,0.23243243243243245,2.918918918918919,3.39
17,하재훈,1.24,0.625,0.19183673469387755,0.004081632653061225,1.0847457627118644,0.4406779661016949,1.9830508474576272,3.09
18,최원태,1.28,0.6875,0.24774774774774774,0.0075075075075075074,0.6683640992998091,0.22915340547422025,3.3800127307447485,3.07
19,이영하,1.28,0.8095238095238095,0.2138728323699422,0.0072254335260115606,0.5518087063151441,0.3740036787247088,3.641937461679951,3.01
20,문경찬,1.0,0.3333333333333333,0.2073732718894009,0.009216589861751152,0.9090909090909091,0.18181818181818182,1.309090909090909,2.89
21,문승원,1.13,0.6111111111111112,0.22184300341296928,0.03924914675767918,0.6875,0.22916666666666666,3.875,2.87
22,알칸타라,1.25,0.5,0.2610497237569061,0.020718232044198894,0.5807200929152149,0.15679442508710803,4.024390243902439,2.74
23,구창모,1.19,0.5882352941176471,0.18930957683741648,0.022271714922048998,1.0654205607476634,0.3925233644859813,3.196261682242991,2.7
24,서진용,1.19,0.75,0.18996415770609318,0.007168458781362007,1.1176470588235294,0.4117647058823529,2.3823529411764706,2.63
25,후랭코프,1.19,0.5294117647058824,0.2222222222222222,0.010101010101010102,0.9479077711357814,0.25619128949615716,3.6122971818958156,2.58
26,프리드릭,1.18,0.6363636363636364,0.21428571428571427,0.013605442176870748,0.7777777777777778,0.3055555555555556,2.75,2.4
27,배제성,1.43,0.5,0.23404255319148937,0.010638297872340425,0.6935975609756098,0.426829268292683,3.772865853658537,2.3
28,박준표,0.86,0.7142857142857143,0.2,0.01904761904761905,0.5357142857142857,0.10714285714285714,2.0892857142857144,2.16
29,주권,1.04,0.75,0.21621621621621623,0.02364864864864865,0.6258322237017311,0.18641810918774968,2.9960053262316912,2.14
30,박종훈,1.5,0.42105263157894735,0.24416796267496113,0.01866251944012442,0.6944444444444444,0.4097222222222222,3.875,2.08
31,다익손,1.37,0.375,0.2526964560862866,0.023112480739599383,0.7847082494969819,0.2682763246143528,4.346076458752515,2.07
32,백정현,1.36,0.4444444444444444,0.23338257016248154,0.025110782865583457,0.5222929936305732,0.35668789808917195,4.24203821656051,2.06
33,우규민,1.15,0.2222222222222222,0.23481781376518218,0.02834008097165992,0.6779661016949152,0.1694915254237288,2.7457627118644066,1.99
34,소사,1.15,0.75,0.21963824289405684,0.03875968992248062,1.0201912858661,0.24442082890541977,3.8257173219978746,1.92
35,진명호,1.44,0.6,0.20512820512820512,0.014652014652014652,0.8082408874801902,0.554675118858954,3.4231378763866878,1.89
36,전상현,1.09,0.2,0.1836734693877551,0.012244897959183673,1.0299003322259135,0.3488372093023256,3.13953488372093,1.86
37,이재학,1.36,0.7142857142857143,0.2375,0.010714285714285714,0.7043343653250774,0.3328173374613003,3.8312693498452015,1.75
38,조상우,1.12,0.3333333333333333,0.234375,0.015625,0.9766454352441614,0.16985138004246284,2.6751592356687897,1.74
39,장필준,1.39,0.5,0.2119205298013245,0.023178807947019868,0.7658959537572254,0.47687861271676296,3.6416184971098264,1.73
40,김상수,1.38,0.375,0.21008403361344538,0.012605042016806723,1.0676156583629892,0.49822064056939497,2.882562277580071,1.72
41,김재윤,0.82,0.5,0.15254237288135594,0.022598870056497175,0.8898305084745762,0.2542372881355932,2.2881355932203387,1.72
42,윌랜드,1.52,0.4444444444444444,0.2630853994490358,0.023415977961432508,0.8303030303030303,0.3575757575757576,4.745454545454545,1.68
43,윤명준,1.22,0.75,0.22580645161290322,0.010752688172043012,0.5873715124816447,0.2936857562408223,2.643171806167401,1.61
44,오주원,1.12,0.5,0.242152466367713,0.004484304932735426,0.7578558225508317,0.12939001848428835,2.32902033271719,1.6
45,최성영,1.54,0.8,0.21467391304347827,0.008152173913043478,0.7551766138855055,0.584652862362972,3.9464068209500613,1.47
46,차우찬,1.43,0.6190476190476191,0.24794520547945206,0.021917808219178082,0.7376561570493754,0.3509815585960738,4.122546103509816,1.43
47,김성민,1.14,1.0,0.23043478260869565,0.0,0.6773618538324421,0.19607843137254902,2.5668449197860963,1.39
48,이용찬,1.44,0.4117647058823529,0.25806451612903225,0.02304147465437788,0.6887238352464551,0.3038487508440243,4.071573261309926,1.32
49,최원준,1.25,0.3333333333333333,0.22807017543859648,0.0043859649122807015,0.7024029574861368,0.29574861367837335,2.6617375231053604,1.29
50,윤영삼,1.18,0.5,0.23622047244094488,0.01968503937007874,0.9003215434083601,0.22508038585209003,2.8938906752411575,1.28
51,박민호,1.25,0.75,0.23444976076555024,0.009569377990430622,0.43912175648702595,0.27944111776447106,2.6946107784431135,1.26
52,고영창,1.43,0.25,0.25925925925925924,0.00823045267489712,0.4074074074074074,0.25925925925925924,3.5,1.21
53,이형범,1.25,0.6666666666666666,0.22093023255813954,0.015503875968992248,0.5081967213114754,0.3114754098360656,2.6557377049180326,1.2
54,양현,1.03,1.0,0.1949685534591195,0.006289308176100629,0.6218905472636815,0.2736318407960199,2.014925373134328,1.2
55,장시환,1.64,0.3157894736842105,0.2578947368421053,0.021052631578947368,0.8713029576338929,0.4636290967226219,4.9640287769784175,1.2
56,안영명,1.53,0.36363636363636365,0.30036630036630035,0.018315018315018316,0.7741935483870968,0.20967741935483872,3.9193548387096775,1.19
57,정영일,1.29,0.3333333333333333,0.18285714285714286,0.005714285714285714,0.8333333333333334,0.5238095238095238,3.2142857142857144,1.17
58,이승현,1.05,0.6666666666666666,0.19047619047619047,0.013605442176870748,0.8378378378378378,0.2972972972972973,1.945945945945946,1.16
59,라이블리,1.12,0.5,0.21610169491525424,0.01694915254237288,1.0175438596491229,0.22807017543859648,3.9473684210526314,1.1
60,박시영,1.27,0.5,0.1946564885496183,0.019083969465648856,0.9803921568627451,0.4411764705882353,4.264705882352941,1.06
61,김대현,1.35,0.5555555555555556,0.22105263157894736,0.007017543859649123,0.6042296072507553,0.4078549848942598,3.806646525679758,1.06
62,김태훈,1.26,0.4444444444444444,0.20945945945945946,0.013513513513513514,1.0982658959537572,0.37572254335260113,4.03179190751445,1.04
63,최지광,1.53,0.2727272727272727,0.21122112211221122,0.013201320132013201,0.8823529411764706,0.5882352941176471,4.102941176470588,1.03
64,김승회,1.24,0.5,0.228,0.004,0.7903780068728522,0.274914089347079,3.092783505154639,0.99
65,박세웅,1.48,0.3333333333333333,0.2509505703422053,0.011406844106463879,0.7333333333333333,0.38333333333333336,4.2,0.98
66,전유수,1.27,0.75,0.2357142857142857,0.007142857142857143,0.6959152798789713,0.2723146747352496,3.4039334341906207,0.93
67,박희수,1.47,0.0,0.23387096774193547,0.008064516129032258,0.49645390070921985,0.46099290780141844,1.2765957446808511,0.91
68,김건국,1.5,0.5,0.24914675767918087,0.017064846416382253,0.6495468277945619,0.4078549848942598,4.486404833836858,0.91
69,손승락,1.39,0.5714285714285714,0.2317596566523605,0.012875536480686695,0.842911877394636,0.3639846743295019,3.96551724137931,0.86
70,원태인,1.41,0.3333333333333333,0.2413793103448276,0.02434077079107505,0.6071428571428571,0.3482142857142857,4.821428571428571,0.85
71,톰슨,1.23,0.4,0.20224719101123595,0.0149812734082397,0.9646302250803858,0.3697749196141479,4.77491961414791,0.83
72,진해수,1.4,0.75,0.23404255319148937,0.010638297872340425,0.8837209302325582,0.37209302325581395,3.3488372093023258,0.83
73,한현희,1.21,0.5833333333333334,0.199203187250996,0.00398406374501992,0.8448275862068966,0.3448275862068966,3.413793103448276,0.83
74,함덕주,1.34,0.2857142857142857,0.1652542372881356,0.025423728813559324,0.8856088560885609,0.6273062730627306,3.487084870848708,0.81
75,윤성환,1.5,0.38095238095238093,0.26127527216174184,0.02177293934681182,0.4479669193659545,0.34458993797381116,4.7760165403170225,0.81
76,박상원,1.36,0.2,0.203125,0.01953125,0.6610169491525424,0.4745762711864407,3.9661016949152543,0.8
77,박진형,1.26,0.6666666666666666,0.23668639053254437,0.03550295857988166,0.997506234413965,0.2743142144638404,4.039900249376559,0.77
78,이승호,1.51,0.6153846153846154,0.25140712945590993,0.01876172607879925,0.6710310965630114,0.41734860883797054,4.4926350245499185,0.76
79,맥과이어,1.65,0.3333333333333333,0.232421875,0.025390625,0.8920606601248885,0.5887600356824264,5.057983942908118,0.75
80,이영준,1.32,0.5,0.2867647058823529,0.0,0.5740181268882175,0.1510574018126888,2.9909365558912384,0.74
81,임현준,1.09,1.0,0.192090395480226,0.011299435028248588,0.831353919239905,0.2850356294536817,3.4204275534441804,0.72
82,고효준,1.51,0.2222222222222222,0.20714285714285716,0.02142857142857143,1.1594202898550725,0.5797101449275363,4.782608695652174,0.71
83,김대유,1.22,,0.1891891891891892,0.009009009009009009,0.8518518518518519,0.4444444444444444,2.3333333333333335,0.7
84,이대은,1.49,0.6666666666666666,0.22762148337595908,0.02557544757033248,0.686046511627907,0.45348837209302323,4.186046511627907,0.67
85,임기준,1.31,0.5,0.19753086419753085,0.006172839506172839,0.6629834254143646,0.4419889502762431,3.480662983425414,0.66
86,정우영,1.18,0.4,0.2087912087912088,0.007326007326007326,0.5837173579109064,0.30721966205837176,3.732718894009217,0.65
87,서준원,1.6,0.26666666666666666,0.26410835214446954,0.022573363431151242,0.6185567010309279,0.3917525773195876,5.474226804123711,0.64
88,김정훈,1.27,0.0,0.22790697674418606,0.023255813953488372,0.6262230919765166,0.3131115459882583,3.698630136986301,0.64
89,김태훈,1.43,0.7272727272727273,0.25666666666666665,0.016666666666666666,0.7142857142857143,0.32857142857142857,4.5,0.63
90,배재환,1.47,0.375,0.19838056680161945,0.012145748987854251,1.1275415896487986,0.5730129390018485,3.6598890942698703,0.63
91,류제국,1.56,0.0,0.2345679012345679,0.0205761316872428,0.583804143126177,0.4896421845574388,4.237288135593221,0.59
92,김민,1.59,0.3333333333333333,0.2596439169139466,0.02373887240356083,0.6058588548601864,0.4327563249001332,4.973368841544608,0.58
93,백승건,1.45,,0.19753086419753085,0.012345679012345678,0.7329842931937173,0.6282722513089005,2.3560209424083767,0.56
94,김진영,1.61,0.0,0.23076923076923078,0.008547008547008548,0.5343511450381679,0.6106870229007634,4.122137404580153,0.56
95,김민수,1.43,0.6153846153846154,0.2457627118644068,0.02824858757062147,0.689655172413793,0.3694581280788177,4.987684729064039,0.51
96,김이환,1.66,0.5714285714285714,0.24561403508771928,0.011695906432748537,0.39473684210526316,0.5526315789473685,4.2631578947368425,0.49
97,강윤구,1.4,0.5,0.22727272727272727,0.01652892561983471,0.8734402852049911,0.42780748663101603,4.491978609625669,0.46
98,차명진,1.61,0.75,0.23178807947019867,0.006622516556291391,0.5757575757575758,0.5454545454545454,4.363636363636363,0.45
99,원종현,1.32,0.5,0.2421875,0.015625,0.9833333333333333,0.2833333333333333,4.05,0.44
100,신재웅,1.11,1.0,0.1590909090909091,0.011363636363636364,0.6603773584905661,0.4716981132075472,3.3962264150943398,0.4
101,김선기,1.29,0.75,0.22131147540983606,0.01639344262295082,0.6071428571428571,0.32142857142857145,4.178571428571429,0.37
102,신재영,1.47,1.0,0.25757575757575757,0.007575757575757576,0.7216494845360825,0.30927835051546393,3.7113402061855667,0.36
103,박치국,1.5,0.5,0.2794759825327511,0.021834061135371178,0.6730769230769231,0.2692307692307692,4.5,0.35
104,문광은,1.46,0.5,0.24822695035460993,0.02127659574468085,0.7878787878787878,0.3939393939393939,4.090909090909091,0.33
105,최채흥,1.53,0.5,0.26569037656903766,0.02092050209205021,0.8380414312617702,0.3389830508474576,4.830508474576271,0.32
106,조무근,1.14,,0.13953488372093023,0.0,0.5434782608695653,0.5434782608695653,1.956521739130435,0.31
107,여건욱,1.45,,0.2692307692307692,0.015384615384615385,0.8219178082191781,0.273972602739726,4.006849315068493,0.29
108,임창민,1.47,0.0,0.21875,0.015625,0.6666666666666666,0.5333333333333333,2.4,0.29
109,강지광,1.28,0.3333333333333333,0.20869565217391303,0.0,0.5535055350553505,0.4059040590405904,3.9852398523985237,0.29
110,하준호,1.0,,0.12121212121212122,0.030303030303030304,1.375,0.5,1.125,0.28
111,권오준,1.42,1.0,0.2620320855614973,0.0374331550802139,0.6046511627906976,0.27906976744186046,5.232558139534884,0.24
112,하준영,1.71,0.75,0.24279835390946503,0.0205761316872428,0.9770114942528735,0.5938697318007663,5.0,0.21
113,김영규,1.7,0.5555555555555556,0.2671009771986971,0.02280130293159609,0.6959152798789713,0.46898638426626327,5.310136157337368,0.21
114,홍성민,1.34,,0.2982456140350877,0.0,0.5737704918032788,0.0,4.426229508196721,0.2
115,김현수,0.63,0.0,0.125,0.0,0.6557377049180328,0.1639344262295082,1.4754098360655739,0.2
116,배영수,1.35,0.3333333333333333,0.25773195876288657,0.020618556701030927,0.22172949002217293,0.24390243902439024,4.58980044345898,0.2
117,이동현,1.2,,0.3,0.0,1.0,0.0,0.0,0.2
118,정성종,1.77,0.5,0.27705627705627706,0.025974025974025976,0.4878048780487805,0.4878048780487805,5.48780487804878,0.2
119,송승준,1.54,0.0,0.25,0.03125,0.9219858156028369,0.425531914893617,4.468085106382979,0.19
120,박진태,1.92,0.0,0.23809523809523808,0.0,0.617283950617284,0.7407407407407408,4.444444444444445,0.19
121,임준섭,1.7,0.25,0.24347826086956523,0.004347826086956522,0.5295315682281059,0.570264765784114,4.215885947046843,0.17
122,김성훈,1.75,0.0,0.23076923076923078,0.028846153846153848,1.176470588235294,0.6787330316742081,4.886877828054298,0.16
123,이현승,0.67,0.0,0.18181818181818182,0.0,0.6666666666666666,0.0,3.0,0.16
124,이종혁,1.69,,0.24,0.0,0.7843137254901962,0.5882352941176471,1.7647058823529413,0.16
125,김경태,2.0,,0.25925925925925924,0.0,0.9090909090909091,0.7272727272727273,4.090909090909091,0.16
126,강정현,1.41,,0.1875,0.0625,0.7843137254901962,0.5882352941176471,5.294117647058824,0.15
127,이우찬,1.58,0.5555555555555556,0.19597989949748743,0.01256281407035176,0.6373626373626373,0.7252747252747253,4.846153846153846,0.15
128,임찬규,1.47,0.375,0.21428571428571427,0.025510204081632654,0.8163265306122449,0.5215419501133787,5.0,0.14
129,장민재,1.48,0.42857142857142855,0.28517110266159695,0.026615969581749048,0.8648194794290512,0.22670025188916879,5.440806045340051,0.14
130,김시현,1.47,,0.22535211267605634,0.04225352112676056,0.6211180124223602,0.49689440993788814,4.472049689440993,0.14
131,조현우,1.44,,0.17142857142857143,0.0,1.25,0.6944444444444444,3.75,0.13
132,이케빈,1.67,,0.14285714285714285,0.0,1.0,1.0,3.0,0.13
133,박윤철,1.73,0.0,0.15172413793103448,0.027586206896551724,0.7,1.0,5.1,0.13
134,한선태,0.96,,0.20689655172413793,0.0,0.5633802816901409,0.14084507042253522,3.802816901408451,0.1
135,김대우,1.29,0.8333333333333334,0.24110671936758893,0.043478260869565216,0.6756756756756757,0.27027027027027023,5.168918918918918,0.09
136,차재용,1.76,,0.19148936170212766,0.0,0.7608695652173914,0.8695652173913044,3.91304347826087,0.09
137,김윤수,1.71,0.5,0.18518518518518517,0.037037037037037035,0.8035714285714286,0.8928571428571429,4.821428571428572,0.08
138,임정호,1.07,0.0,0.15789473684210525,0.0,1.4285714285714286,0.47619047619047616,4.285714285714286,0.08
139,임기영,1.77,0.4,0.29777777777777775,0.03111111111111111,0.7676348547717842,0.3941908713692946,5.788381742738589,0.08
140,버틀러,1.44,0.3333333333333333,0.2392638036809816,0.018404907975460124,0.6693989071038251,0.3825136612021858,4.795081967213115,0.07
141,김민규,1.5,,0.25,0.0,0.0,0.5,0.0,0.07
142,김정후,1.2,,0.14285714285714285,0.0,0.8333333333333334,0.8333333333333334,0.0,0.07
143,김진성,1.29,0.3333333333333333,0.21910112359550563,0.033707865168539325,0.8333333333333334,0.35714285714285715,4.285714285714286,0.05
144,장현식,1.48,0.5555555555555556,0.23577235772357724,0.036585365853658534,0.9040590405904059,0.4243542435424354,4.649446494464945,0.05
145,조한욱,1.88,,0.3333333333333333,0.0,0.0,0.45454545454545453,4.090909090909091,0.05
146,강백호,1.0,,0.0,0.0,0.0,1.0,0.0,0.04
147,김진욱,1.0,,0.0,0.0,0.0,1.0,0.0,0.04
148,소이현,2.0,,0.2,0.0,1.0,1.0,0.0,0.04
149,오석주,1.8,,0.25,0.08333333333333333,0.8,0.6,5.4,0.04
150,홍상삼,1.59,,0.19230769230769232,0.038461538461538464,0.9615384615384615,0.7692307692307692,5.1923076923076925,0.04
151,임규빈,1.0,,0.25,0.0,2.0,0.0,0.0,0.04
152,전사민,2.0,,0.4,0.0,1.0,0.0,0.0,0.04
153,정찬헌,1.7,0.5,0.2391304347826087,0.0,1.1,0.6,1.8,0.03
154,송창현,1.5,0.0,0.2631578947368421,0.07017543859649122,0.4098360655737705,0.3278688524590164,6.639344262295082,0.02
155,김주한,1.58,0.5,0.21428571428571427,0.0,0.8333333333333334,0.5833333333333334,5.25,0.02
156,황인준,1.68,,0.2641509433962264,0.03773584905660377,0.990990990990991,0.45045045045045046,6.486486486486487,0.02
157,임지섭,1.95,,0.15151515151515152,0.0,1.4516129032258065,1.2903225806451613,2.903225806451613,0.01
158,이상규,3.0,,0.0,0.0,0.0,10.0,0.0,0.01
159,윤지웅,1.42,1.0,0.2545454545454545,0.05454545454545454,0.7377049180327869,0.3278688524590164,5.163934426229509,0.01
160,이선우,1.2,,0.14285714285714285,0.14285714285714285,1.6666666666666667,0.8333333333333334,7.5,0.01
161,배민서,2.1,,0.4117647058823529,0.0,0.3225806451612903,0.0,5.806451612903226,0.0
162,류원석,2.1,,0.11764705882352941,0.058823529411764705,1.2903225806451613,1.6129032258064515,5.806451612903226,0.0
163,박신지,,,0.3333333333333333,0.0,,inf,inf,0.0
164,최대성,,,0.0,0.0,,inf,inf,0.0
165,강동연,1.6,,0.36363636363636365,0.09090909090909091,0.6,0.0,5.4,-0.0
166,헤일리,1.47,0.38461538461538464,0.24611398963730569,0.012953367875647668,0.963302752293578,0.38990825688073394,5.779816513761467,-0.0
167,김정우,3.0,,0.3333333333333333,0.0,0.0,1.0,9.0,-0.01
168,이현호,1.74,1.0,0.2670157068062827,0.010471204188481676,0.5486284289276808,0.4738154613466334,5.162094763092269,-0.02
169,박근홍,1.87,1.0,0.1927710843373494,0.060240963855421686,0.6395348837209303,0.9883720930232559,6.279069767441861,-0.02
170,안우진,1.51,0.5833333333333334,0.24556962025316456,0.020253164556962026,0.9080590238365495,0.40862656072644726,5.209988649262202,-0.02
171,황영국,2.25,,0.4,0.1,1.5,0.25,6.75,-0.02
172,최건,2.0,,0.0,0.0,0.0,2.0,0.0,-0.02
173,박진,3.0,,0.3333333333333333,0.0,1.0,1.0,9.0,-0.02
174,장지훈,2.3,,0.2857142857142857,0.0,0.851063829787234,0.7801418439716312,6.382978723404255,-0.03
175,윤정현,2.0,,0.2,0.0,1.0,1.0,9.0,-0.04
176,조성운,2.2,,0.36,0.0,0.6,0.4,7.2,-0.04
177,이민호,2.38,,0.25925925925925924,0.0,0.4347826086956522,0.9782608695652175,6.847826086956522,-0.04
178,심수창,2.06,0.5,0.2982456140350877,0.017543859649122806,1.0714285714285714,0.625,6.428571428571429,-0.04
179,오현택,1.34,1.0,0.26785714285714285,0.10714285714285714,0.6557377049180328,0.1639344262295082,5.163934426229509,-0.05
180,조근종,1.88,,0.2830188679245283,0.018867924528301886,0.5882352941176471,0.4901960784313726,6.176470588235294,-0.06
181,김승범,5.0,,0.5,0.0,0.0,1.0,18.0,-0.06
182,백청훈,2.0,,0.35,0.0,1.0,0.25,6.75,-0.06
183,조영우,1.87,,0.3333333333333333,0.05263157894736842,0.6611570247933884,0.3305785123966942,8.181818181818182,-0.07
184,김태오,3.33,,0.3333333333333333,0.0,0.0,1.0,6.0,-0.08
185,홍성무,1.88,,0.22535211267605634,0.04225352112676056,0.7092198581560284,0.7801418439716312,6.382978723404255,-0.08
186,장원준,4.0,,0.35714285714285715,0.0,0.5,1.5,9.0,-0.08
187,김기훈,1.63,0.3333333333333333,0.17391304347826086,0.029891304347826088,0.6194690265486726,0.8217446270543616,5.575221238938053,-0.08
188,김종수,2.03,1.0,0.20270270270270271,0.02702702702702703,0.9032258064516129,1.064516129032258,5.806451612903226,-0.09
189,정태승,3.0,,0.3333333333333333,0.0,2.0,1.0,27.0,-0.09
190,송명기,2.0,,0.2857142857142857,0.07142857142857142,0.3333333333333333,0.6666666666666666,9.0,-0.1
191,윤규진,1.62,,0.3,0.0,0.24390243902439027,0.24390243902439027,10.975609756097562,-0.1
192,최영환,1.53,,0.23529411764705882,0.011764705882352941,1.0,0.47368421052631576,6.631578947368421,-0.1
193,김택형,1.89,0.6666666666666666,0.17391304347826086,0.008695652173913044,1.1688311688311688,1.0389610389610389,5.844155844155844,-0.15
194,정인욱,1.8,0.0,0.22641509433962265,0.009433962264150943,0.7075471698113208,0.7075471698113208,7.216981132075472,-0.15
195,송창식,9.0,,0.75,0.0,10.0,0.0,180.0,-0.16
196,이상영,3.38,,0.5625,0.0625,0.45454545454545453,0.0,20.454545454545453,-0.16
197,이충호,7.0,,0.6,0.1,0.0,1.0,45.0,-0.16
198,이민우,1.63,0.25,0.26148409893992935,0.014134275618374558,0.9165302782324058,0.425531914893617,5.4500818330605565,-0.16
199,손동현,1.73,0.4,0.2318181818181818,0.00909090909090909,0.6157112526539278,0.6581740976645435,4.777070063694268,-0.17
200,박주성,3.25,,0.28,0.04,0.25,1.5,13.5,-0.17
201,유원상,1.45,0.0,0.22580645161290322,0.021505376344086023,0.6930693069306931,0.44554455445544555,5.346534653465347,-0.17
202,이우석,2.25,,0.2692307692307692,0.0,0.7843137254901962,0.9803921568627452,10.588235294117649,-0.17
203,금민철,1.6,0.2,0.2509505703422053,0.019011406844106463,0.45614035087719296,0.43859649122807015,5.052631578947368,-0.17
204,최동환,1.57,1.0,0.2336448598130841,0.037383177570093455,0.5652173913043478,0.4782608695652174,6.6521739130434785,-0.18
205,민태호,2.44,,0.41379310344827586,0.034482758620689655,1.1764705882352942,0.19607843137254904,12.352941176470589,-0.18
206,유승철,1.5,,0.2,0.1,1.25,0.5,11.25,-0.19
207,박정수,2.8,,0.37037037037037035,0.0,0.4,0.8,12.6,-0.2
208,전용주,4.0,,0.2857142857142857,0.047619047619047616,0.3333333333333333,2.0,15.0,-0.2
209,윤강민,2.35,0.0,0.2857142857142857,0.023809523809523808,0.6944444444444444,0.8333333333333333,8.75,-0.2
210,윤호솔,3.0,,0.36363636363636365,0.045454545454545456,0.625,0.9375,19.6875,-0.2
211,정재원,2.25,,0.375,0.0625,0.45454545454545453,0.0,20.454545454545453,-0.21
212,홍정우,2.63,,0.29411764705882354,0.058823529411764705,0.3921568627450981,0.7843137254901962,10.588235294117649,-0.21
213,박정준,4.8,,0.23076923076923078,0.0,0.0,4.166666666666667,45.0,-0.21
214,권혁,1.17,0.5,0.23225806451612904,0.01935483870967742,0.580110497237569,0.19337016574585633,4.972375690607734,-0.21
215,장지수,1.84,,0.2875,0.025,0.37267080745341613,0.43478260869565216,7.826086956521738,-0.23
216,채병용,2.73,,0.3333333333333333,0.047619047619047616,0.9375,0.9375,11.25,-0.23
217,김세현,2.31,0.0,0.22916666666666666,0.0,0.6097560975609757,1.0975609756097562,6.585365853658537,-0.23
218,윤성빈,9.0,0.0,0.0,0.0,0.0,30.0,270.0,-0.23
219,조영건,18.0,0.0,0.42857142857142855,0.0,10.0,30.0,270.0,-0.24
220,노성호,2.46,,0.38095238095238093,0.047619047619047616,0.3125,0.3125,14.0625,-0.26
221,서균,3.0,,0.37037037037037035,0.0,0.7317073170731708,0.7317073170731708,15.365853658536587,-0.27
222,이원준,3.0,0.0,0.21428571428571427,0.07142857142857142,0.9523809523809523,1.9047619047619047,21.428571428571427,-0.28
223,김윤동,2.09,0.3333333333333333,0.21818181818181817,0.01818181818181818,1.0909090909090908,1.0,6.545454545454546,-0.28
224,김승현,1.58,0.5,0.18032786885245902,0.0,0.3278688524590164,0.7377049180327869,6.639344262295082,-0.29
225,양기현,2.44,,0.4,0.0,0.5882352941176471,0.19607843137254904,15.882352941176471,-0.29
226,김범수,1.71,0.35714285714285715,0.23711340206185566,0.030927835051546393,0.8252427184466019,0.5922330097087378,5.679611650485437,-0.3
227,장원삼,1.57,0.0,0.29411764705882354,0.04411764705882353,0.49295774647887325,0.21126760563380284,8.23943661971831,-0.33
228,이준영,1.77,1.0,0.26229508196721313,0.012295081967213115,0.8431372549019608,0.5098039215686274,6.352941176470588,-0.33
229,최하늘,3.0,0.0,0.3076923076923077,0.15384615384615385,0.5,1.0,27.0,-0.34
230,류희운,4.29,0.0,0.47058823529411764,0.0,0.47619047619047616,0.9523809523809523,25.71428571428571,-0.35
231,배재준,1.52,0.42857142857142855,0.21631205673758866,0.010638297872340425,0.7096774193548387,0.532258064516129,5.225806451612903,-0.35
232,김원중,1.7,0.3333333333333333,0.2618556701030928,0.026804123711340205,0.910871694417238,0.4603330068560235,5.729676787463272,-0.35
233,이정현,1.67,0.0,0.21818181818181817,0.05454545454545454,0.75,0.6666666666666666,9.75,-0.36
234,이승진,1.74,,0.23595505617977527,0.033707865168539325,0.7368421052631579,0.631578947368421,8.052631578947368,-0.37
235,송은범,1.72,0.25,0.2846975088967972,0.021352313167259787,0.6,0.38333333333333336,5.25,-0.37
236,이상동,1.9,,0.3333333333333333,0.06666666666666667,0.0,0.3278688524590164,14.754098360655739,-0.39
237,이승헌,5.0,0.0,0.4375,0.0,0.0,1.5,31.5,-0.4
238,이태양,1.31,0.14285714285714285,0.26148409893992935,0.028268551236749116,0.9667673716012084,0.19637462235649547,5.8459214501510575,-0.4
239,강이준,2.56,0.0,0.2641509433962264,0.018867924528301886,0.3333333333333333,1.0,11.0,-0.41
240,터너,1.55,0.35,0.2507002801120448,0.01680672268907563,0.790333115610712,0.37883736120182887,5.525800130633573,-0.46
241,김재영,2.04,,0.34146341463414637,0.024390243902439025,0.4938271604938272,0.3703703703703704,13.333333333333334,-0.51
242,신정락,1.55,0.8333333333333334,0.2318840579710145,0.028985507246376812,0.7918552036199095,0.4751131221719457,5.90497737556561,-0.58
243,이인복,3.0,,0.3918918918918919,0.02702702702702703,0.578512396694215,0.6611570247933884,11.900826446280993,-0.63
244,박정배,1.58,0.5,0.32222222222222224,0.044444444444444446,0.46875,0.10416666666666667,10.3125,-0.66
245,양승철,2.33,0.5,0.27058823529411763,0.03529411764705882,0.6832298136645962,0.9316770186335402,12.298136645962732,-0.66
246,정성곤,1.6,0.5,0.25806451612903225,0.028225806451612902,0.7518796992481203,0.41353383458646614,5.582706766917293,-0.67
247,엄상백,2.04,0.4,0.2597402597402597,0.03896103896103896,0.6430868167202572,0.7717041800643086,8.10289389067524,-0.71
248,이보근,1.98,0.0,0.3625,0.0125,0.7407407407407408,0.2469135802469136,10.0,-0.74
249,윤길현,4.2,0.5,0.4358974358974359,0.05128205128205128,1.0,0.8,10.8,-0.78
250,구승민,1.83,0.2,0.25,0.027777777777777776,1.1944444444444444,0.5833333333333334,6.25,-0.83
251,정수민,2.89,0.0,0.3148148148148148,0.018518518518518517,0.43956043956043955,1.098901098901099,16.813186813186814,-0.83
252,문동욱,2.55,0.5,0.3956043956043956,0.03296703296703297,0.7894736842105263,0.2631578947368421,12.43421052631579,-0.89
253,박주홍,1.96,0.0,0.2712765957446808,0.0425531914893617,0.7086614173228346,0.6299212598425197,8.031496062992126,-0.99
254,최충연,2.24,0.0,0.2268041237113402,0.010309278350515464,1.1325966850828728,1.0497237569060773,7.458563535911602,-1.04
255,홍건희,1.78,0.18181818181818182,0.29396325459317585,0.031496062992125984,0.6403940886699507,0.4064039408866995,7.204433497536946,-1.06
256,김민우,1.62,0.2222222222222222,0.25396825396825395,0.01904761904761905,0.6764705882352942,0.4411764705882353,6.75,-1.24
