순,이름,팀,WAAwithADJ,출장,선발,이닝,기회,자살,보살,실책,수비율,RF9,RNG,ARM,CS,BLK,E+,RAA,/133,POSADJ,RAAwithADJ,WAAw/oADJ,WAAwithADJ
1,마차도,20롯SS,1.897,2,139,1180.2,618,228,380,10,.984,4.64,12.08,0.00,0.00,0.00,1.55,13.63,13.82,6.42,20.05,1.290,1.897
2,오지환,20LSS,1.787,3,136,1142.0,604,184,405,15,.975,4.64,12.31,0.00,0.00,0.00,0.43,12.74,13.36,6.24,18.99,1.199,1.787
3,박해민,20삼CF,1.685,3,125,1055.1,378,369,9,0,1.000,3.22,16.81,-1.13,0.00,0.00,0.55,16.23,18.41,1.52,17.75,1.541,1.685
4,박찬호,20KSS,1.045,2,136,1164.1,597,198,384,15,.975,4.50,4.14,0.00,0.00,0.00,0.50,4.63,4.76,6.22,10.85,0.446,1.045
5,홍창기,20LCF,1.003,3,102,943.2,267,259,6,2,.993,2.53,9.95,1.64,0.00,0.00,0.09,11.68,14.81,-0.98,10.70,1.095,1.003
6,양의지,20NC,1.000,3,97,792.0,694,645,47,2,.997,7.86,-0.14,0.00,2.48,0.41,0.73,3.47,5.24,7.34,10.80,0.321,1.000
7,유강남,20LC,0.967,3,123,1009.2,849,795,52,2,.998,7.55,-0.99,0.00,0.18,0.85,1.04,1.08,1.28,9.19,10.27,0.102,0.967
8,심우준,20KSS,0.911,3,133,1157.0,678,231,426,21,.969,5.11,4.03,0.00,0.00,0.00,-0.73,3.30,3.42,6.22,9.52,0.316,0.911
9,강민호,20삼C,0.894,2,103,862.2,691,640,43,8,.988,7.13,-1.17,0.00,1.95,1.24,-0.37,1.64,2.28,7.88,9.52,0.154,0.894
10,김혜성,20키2B,0.863,3,125,1114.1,530,234,287,9,.983,4.21,5.49,2.06,0.00,0.00,0.53,8.08,8.68,1.07,9.15,0.762,0.863
11,김하성,20키SS,0.834,3,127,1104.1,504,135,349,20,.960,3.94,4.88,0.00,0.00,0.00,-0.66,4.22,4.57,4.81,9.02,0.390,0.834
12,배정대,20KCF,0.806,3,141,1221.1,372,354,13,5,.987,2.70,1.62,5.13,0.00,0.00,-0.41,6.34,6.21,2.23,8.57,0.596,0.806
13,장성우,20KC,0.781,3,114,952.0,702,665,34,3,.996,6.61,-0.65,0.00,-0.89,0.42,0.75,-0.37,-0.47,8.64,8.27,-0.035,0.781
14,최재훈,20한C,0.755,3,103,857.2,779,727,47,5,.994,8.12,0.71,0.00,-0.42,-0.31,0.22,0.20,0.29,7.83,8.03,0.019,0.755
15,한동희,20롯3B,0.746,2,130,1103.0,422,194,211,17,.960,3.31,7.53,0.00,0.00,0.00,-0.21,7.32,7.94,0.59,7.90,0.691,0.746
16,박경수,20K2B,0.722,2,94,746.1,474,180,286,8,.983,5.62,6.19,0.00,0.00,0.00,0.13,6.31,10.12,1.36,7.67,0.594,0.722
17,박민우,20N2B,0.700,4,116,943.2,538,250,278,10,.981,5.04,5.58,0.00,0.00,0.00,0.18,5.76,7.31,1.73,7.49,0.538,0.700
18,최지훈,20SRF,0.686,3,118,1007.1,269,257,8,4,.985,2.37,6.86,3.03,0.00,0.00,-0.25,9.65,11.46,-2.47,7.18,0.922,0.686
19,박세혁,20두C,0.648,3,105,881.2,798,752,38,8,.990,8.06,-0.45,0.00,-1.62,1.31,-0.35,-1.11,-1.51,7.97,6.86,-0.105,0.648
20,정수빈,20두CF,0.642,3,132,1161.2,336,328,7,1,.997,2.60,3.82,0.52,0.00,0.00,0.36,4.70,4.85,2.12,6.82,0.443,0.642
21,김민식,20KC,0.632,1,53,470.1,417,365,50,2,.995,7.94,1.09,0.00,1.77,-0.74,0.27,2.39,6.09,4.21,6.60,0.229,0.632
22,박동원,20키C,0.586,3,75,641.1,503,461,36,6,.988,6.98,0.25,0.00,-0.15,0.56,-0.29,0.38,0.71,5.85,6.23,0.036,0.586
23,이재원,20SC,0.570,3,65,545.1,461,422,36,3,.994,7.56,-0.54,0.00,1.53,-0.10,0.18,1.07,2.34,4.86,5.93,0.103,0.570
24,김준태,20롯C,0.543,2,84,793.0,676,615,54,7,.990,7.59,0.74,0.00,-2.00,0.08,-0.27,-1.44,-2.18,7.17,5.73,-0.137,0.543
25,김재호,20두SS,0.534,3,112,960.2,438,137,288,13,.970,3.98,0.13,0.00,0.00,0.00,0.28,0.42,0.52,5.23,5.65,0.040,0.534
26,김선빈,20K2B,0.488,2,79,621.1,373,157,213,3,.992,5.36,3.22,0.00,0.00,0.00,0.84,4.06,7.82,1.13,5.20,0.381,0.488
27,송민섭,20KLF,0.444,2,1,217.0,54,50,4,0,1.000,2.24,1.77,3.70,0.00,0.00,0.12,5.60,30.87,-0.90,4.69,0.530,0.444
28,노진혁,20NSS,0.427,4,119,1005.0,477,182,286,9,.981,4.19,-1.96,0.00,0.00,0.00,1.22,-0.74,-0.88,5.30,4.56,-0.070,0.427
29,전병우,20키3B,0.427,3,96,864.1,377,198,170,9,.976,3.83,3.75,0.00,0.00,0.00,0.61,4.36,6.04,0.13,4.49,0.414,0.427
30,김강민,20SCF,0.426,3,69,658.1,216,207,7,2,.991,2.93,1.15,2.24,0.00,0.00,-0.08,3.31,6.02,1.19,4.50,0.313,0.426
31,한승택,20KC,0.424,3,70,597.0,588,550,35,3,.995,8.82,-0.44,0.00,-0.33,-0.41,0.25,-0.92,-1.85,5.39,4.47,-0.088,0.424
32,이학주,20삼SS,0.404,3,57,483.1,273,108,161,4,.985,5.01,0.98,0.00,0.00,0.00,0.65,1.63,4.04,2.61,4.24,0.156,0.404
33,김규성,20K2B,0.401,3,49,486.0,292,118,168,6,.980,5.30,2.90,0.00,0.00,0.00,0.04,2.95,7.25,1.24,4.19,0.282,0.401
34,허경민,20두3B,0.400,3,113,987.0,310,103,198,9,.971,2.75,0.83,0.00,0.00,0.00,1.22,2.05,2.49,2.23,4.28,0.192,0.400
35,이지영,20키C,0.388,3,50,440.2,381,362,15,4,.990,7.70,-0.02,0.00,-0.03,0.33,-0.17,0.10,0.28,4.00,4.11,0.010,0.388
36,구본혁,20L3B,0.387,3,17,381.1,159,41,113,5,.969,3.64,2.89,0.00,0.00,0.00,0.08,2.97,9.33,1.11,4.08,0.282,0.387
37,구자욱,20삼LF,0.384,2,101,835.0,214,205,7,2,.991,2.29,7.02,1.59,0.00,0.00,0.08,8.70,12.47,-4.59,4.11,0.814,0.384
38,서건창,20키2B,0.382,3,52,440.2,272,124,145,3,.989,5.49,2.84,0.00,0.00,0.00,0.42,3.26,8.87,0.80,4.07,0.307,0.382
39,이정후,20키RF,0.370,3,127,1094.1,284,271,10,3,.989,2.31,6.63,1.31,0.00,0.00,0.02,7.95,8.70,-3.96,3.99,0.738,0.370
40,반즈,20한1B,0.369,1,71,626.1,372,335,33,4,.989,5.29,6.92,1.28,0.00,0.00,-0.11,8.08,15.45,-4.18,3.90,0.765,0.369
41,지석훈,20N3B,0.349,2,35,382.2,185,72,108,5,.973,4.23,2.61,0.00,0.00,0.00,0.07,2.68,8.40,0.99,3.67,0.255,0.349
42,최정,20S3B,0.342,3,118,987.2,257,76,170,11,.957,2.24,1.03,0.00,0.00,0.00,0.83,1.86,2.25,1.82,3.68,0.172,0.342
43,김준완,20NRF,0.325,2,16,176.0,50,46,4,0,1.000,2.56,0.67,3.21,0.00,0.00,0.10,3.98,27.07,-0.57,3.41,0.379,0.325
44,김태군,20NC,0.323,4,34,335.1,319,297,19,3,.991,8.48,0.49,0.00,0.19,-0.18,-0.12,0.38,1.36,3.04,3.42,0.036,0.323
45,정보근,20롯C,0.318,2,57,416.1,379,349,28,2,.995,8.15,-1.09,0.00,0.34,0.16,0.19,-0.40,-1.16,3.72,3.32,-0.039,0.318
46,김성욱,20NRF,0.311,4,41,472.1,121,118,3,0,1.000,2.31,3.09,1.78,0.00,0.00,0.27,5.15,13.04,-1.87,3.27,0.489,0.311
47,김성현,20SSS,0.296,3,113,936.2,503,197,296,10,.980,4.74,-1.46,0.00,0.00,0.00,0.60,-0.86,-1.09,3.97,3.12,-0.081,0.296
48,박승규,20삼RF,0.289,3,46,440.0,118,115,3,0,1.000,2.41,3.14,0.84,0.00,0.00,0.24,4.23,11.50,-1.19,3.03,0.403,0.289
49,양석환,20L3B,0.287,1,37,293.0,170,129,37,4,.977,5.10,3.96,0.00,0.00,0.00,-0.09,3.87,15.80,-0.86,3.01,0.369,0.287
50,최항,20S2B,0.283,2,37,320.0,193,85,105,3,.985,5.34,2.26,0.00,0.00,0.00,0.16,2.42,9.04,0.57,2.99,0.229,0.283
51,김민성,20L3B,0.253,2,79,639.2,152,45,102,5,.967,2.07,0.55,0.00,0.00,0.00,0.96,1.51,2.83,1.16,2.67,0.143,0.253
52,정상호,20두C,0.240,3,25,223.1,209,192,15,2,.990,8.34,1.09,0.00,-0.51,0.01,-0.08,0.51,2.72,1.99,2.50,0.049,0.240
53,임병욱,20키CF,0.224,2,12,91.0,23,20,2,1,.957,2.18,1.30,1.04,0.00,0.00,-0.16,2.18,28.72,0.16,2.35,0.208,0.224
54,김지찬,20삼2B,0.213,3,67,656.2,339,137,192,10,.971,4.51,0.55,0.03,0.00,0.00,-0.33,0.25,0.46,1.99,2.25,0.024,0.213
55,김형준,20NC,0.200,3,13,164.1,153,142,10,1,.994,8.33,0.41,0.00,0.49,-0.30,0.03,0.63,4.56,1.50,2.12,0.059,0.200
56,주효상,20키C,0.199,2,19,191.1,172,154,14,4,.977,7.90,0.21,0.00,0.48,0.21,-0.53,0.37,2.32,1.73,2.10,0.035,0.199
57,소형준,20KP,0.199,2,24,133.0,25,8,17,0,1.000,1.69,1.75,0.00,0.00,0.09,0.27,2.10,18.92,0.00,2.10,0.199,0.199
58,황재균,20K3B,0.197,3,129,1125.0,341,114,214,13,.962,2.62,-0.66,0.00,0.00,0.00,0.83,0.17,0.18,1.95,2.12,0.016,0.197
59,오재원,20두2B,0.197,2,33,367.2,207,91,111,5,.976,4.95,1.65,0.00,0.00,0.00,-0.15,1.50,4.88,0.58,2.08,0.142,0.197
60,김응민,20삼C,0.196,3,21,212.1,177,167,8,2,.989,7.42,0.17,0.00,-0.16,0.23,-0.10,0.14,0.81,1.91,2.05,0.014,0.196
61,박성한,20SSS,0.192,1,29,258.0,138,63,71,4,.971,4.67,0.66,0.00,0.00,0.00,-0.03,0.63,2.93,1.39,2.02,0.060,0.192
62,가뇽,20KP,0.185,2,28,159.2,26,8,18,0,1.000,1.47,1.53,0.00,0.00,0.11,0.32,1.96,14.67,0.00,1.96,0.185,0.185
63,노시환,20한3B,0.184,2,90,785.0,260,99,148,13,.950,2.83,0.30,0.00,0.00,0.00,-0.22,0.09,0.13,1.85,1.94,0.008,0.184
64,이현석,20SC,0.181,3,28,283.1,226,202,22,2,.991,7.12,0.11,0.00,-0.29,-0.46,0.00,-0.65,-2.73,2.55,1.90,-0.062,0.181
65,이흥련,20두SC,0.178,2,35,302.1,287,267,17,3,.990,8.45,0.01,0.00,-0.45,-0.26,-0.17,-0.86,-3.40,2.73,1.87,-0.082,0.178
66,정우영,20LP,0.172,3,0,75.0,27,7,20,0,1.000,3.24,1.63,0.00,0.00,0.05,0.15,1.83,29.17,0.00,1.83,0.172,0.172
67,윌슨,20LP,0.168,3,25,144.2,39,15,24,0,1.000,2.43,1.39,0.00,0.00,0.10,0.29,1.78,14.71,0.00,1.78,0.168,0.168
68,백용환,20KC,0.157,2,20,199.0,169,158,8,3,.982,7.51,0.01,0.00,0.19,-0.03,-0.32,-0.15,-0.90,1.81,1.66,-0.014,0.157
69,이성우,20LC,0.156,3,20,236.0,211,198,12,1,.995,8.01,-0.45,0.00,-0.57,0.39,0.14,-0.49,-2.49,2.14,1.65,-0.046,0.156
70,오선진,20한SS,0.154,3,44,503.1,206,67,135,4,.981,3.61,-0.79,0.00,0.00,0.00,0.65,-0.14,-0.33,1.75,1.61,-0.013,0.154
71,이해창,20한C,0.153,2,33,298.0,276,251,21,4,.986,8.22,0.04,0.00,-0.47,-0.27,-0.38,-1.08,-4.34,2.71,1.63,-0.102,0.153
72,임찬규,20LP,0.152,2,26,147.2,25,10,15,0,1.000,1.52,1.21,0.00,0.00,0.10,0.30,1.60,13.00,0.00,1.60,0.152,0.152
73,홍종표,20K2B,0.151,1,20,192.2,128,57,71,0,1.000,5.98,0.78,0.00,0.00,0.00,0.45,1.23,7.63,0.35,1.57,0.117,0.151
74,황윤호,20K3B,0.141,2,17,160.1,58,9,45,4,.931,3.03,1.50,0.00,0.00,0.00,-0.32,1.19,8.85,0.29,1.48,0.113,0.141
75,박석민,20N3B,0.137,3,103,825.2,229,76,139,14,.939,2.34,0.22,0.00,0.00,0.00,-0.27,-0.05,-0.07,1.52,1.47,-0.005,0.137
76,박종훈,20SP,0.132,3,28,157.1,23,5,18,0,1.000,1.32,0.98,0.00,0.00,0.10,0.31,1.40,10.65,0.00,1.40,0.132,0.132
77,브리검,20키P,0.129,2,21,107.0,26,5,20,1,.962,2.10,1.28,0.00,0.00,0.07,0.01,1.36,15.23,0.00,1.36,0.129,0.129
78,우규민,20삼P,0.128,2,0,48.0,14,2,12,0,1.000,2.63,1.23,0.00,0.00,0.03,0.10,1.35,33.75,0.00,1.35,0.128,0.128
79,서준원,20롯P,0.127,2,20,107.2,29,11,17,1,.966,2.34,1.26,0.00,0.00,0.07,0.02,1.35,14.96,0.00,1.35,0.127,0.127
80,신본기,20롯3B,0.127,2,21,293.2,115,33,80,2,.983,3.46,0.10,0.00,0.00,0.00,0.43,0.52,2.13,0.81,1.34,0.050,0.127
81,장준원,20L3B,0.125,2,18,186.0,51,19,31,1,.980,2.42,0.64,0.00,0.00,0.00,0.35,1.00,6.42,0.32,1.32,0.095,0.125
82,신민재,20LCF,0.124,1,3,90.0,32,28,4,0,1.000,3.20,1.16,-0.09,0.00,0.00,0.08,1.15,15.36,0.16,1.32,0.109,0.124
83,김헌곤,20삼RF,0.111,3,67,615.0,182,176,5,1,.995,2.65,2.58,1.58,0.00,0.00,0.16,4.32,8.40,-3.15,1.16,0.411,0.111
84,노경은,20롯P,0.102,2,24,133.0,25,6,18,1,.960,1.62,0.93,0.00,0.00,0.09,0.07,1.08,9.73,0.00,1.08,0.102,0.102
85,알칸타라,20두P,0.100,2,31,198.2,24,1,23,0,1.000,1.09,0.53,0.00,0.00,0.13,0.40,1.06,6.39,0.00,1.06,0.100,0.100
86,김민수,20삼C,0.100,2,7,68.0,59,54,5,0,1.000,7.81,0.14,0.00,0.11,0.09,0.10,0.43,7.62,0.61,1.04,0.041,0.100
87,최원태,20키P,0.096,2,21,110.0,25,6,19,0,1.000,2.05,0.73,0.00,0.00,0.07,0.22,1.02,11.09,0.00,1.02,0.096,0.096
88,문동욱,20한P,0.095,1,0,18.0,7,1,6,0,1.000,3.50,0.96,0.00,0.00,0.01,0.04,1.01,67.10,0.00,1.01,0.095,0.095
89,채은성,20LRF,0.095,2,79,678.1,176,170,4,2,.989,2.31,5.29,-0.56,0.00,0.00,0.00,4.73,8.35,-3.72,1.01,0.444,0.095
90,유장혁,20한LF,0.095,1,12,104.1,24,23,1,0,1.000,2.07,1.95,-0.46,0.00,0.00,0.06,1.55,17.79,-0.56,0.99,0.149,0.095
91,백승현,20L3B,0.094,3,11,112.0,34,8,25,1,.971,2.65,0.60,0.00,0.00,0.00,0.14,0.74,7.90,0.25,0.99,0.070,0.094
92,양찬열,20두RF,0.092,1,5,48.2,12,11,1,0,1.000,2.22,0.10,1.11,0.00,0.00,0.03,1.24,30.43,-0.26,0.97,0.117,0.092
93,임기영,20KP,0.092,3,25,127.2,15,2,13,0,1.000,1.06,0.64,0.00,0.00,0.08,0.26,0.98,9.17,0.00,0.98,0.092,0.092
94,김영환,20K2B,0.089,0,1,18.2,15,5,10,0,1.000,7.23,0.86,0.00,0.00,0.00,0.04,0.90,57.68,0.03,0.93,0.085,0.089
95,박정현,20한SS,0.088,1,13,105.0,55,20,34,1,.982,4.63,0.36,0.00,0.00,0.00,0.11,0.46,5.29,0.46,0.93,0.044,0.088
96,도태훈,20N3B,0.087,1,3,35.0,10,4,6,0,1.000,2.57,0.77,0.00,0.00,0.00,0.10,0.87,29.83,0.04,0.91,0.083,0.087
97,김병희,20K3B,0.085,2,4,61.1,29,14,14,1,.966,4.11,1.00,0.00,0.00,0.00,-0.04,0.95,18.56,-0.05,0.90,0.090,0.085
98,김호재,20삼3B,0.085,1,32,315.0,112,49,59,4,.964,3.09,0.03,0.00,0.00,0.00,0.11,0.14,0.52,0.77,0.90,0.013,0.085
99,문상철,20K1B,0.085,3,28,235.1,164,154,9,1,.994,6.23,2.93,-0.31,0.00,0.00,0.08,2.70,13.76,-1.81,0.89,0.256,0.085
100,김태진,20NK3B,0.083,3,63,566.0,200,70,121,9,.955,3.04,-0.04,0.00,0.00,0.00,-0.11,-0.15,-0.32,1.01,0.86,-0.015,0.083
101,박민호,20SP,0.079,3,0,52.0,12,1,11,0,1.000,2.08,0.70,0.00,0.00,0.03,0.10,0.84,19.34,0.00,0.84,0.079,0.079
102,최성영,20NP,0.077,2,13,60.2,6,1,5,0,1.000,0.89,0.66,0.00,0.00,0.04,0.12,0.82,16.14,0.00,0.82,0.077,0.077
103,원태인,20삼P,0.077,2,26,140.0,30,12,17,1,.967,1.86,0.64,0.00,0.00,0.09,0.08,0.81,6.93,0.00,0.81,0.077,0.077
104,이재율,20NCF,0.074,2,1,31.0,12,12,0,0,1.000,3.48,0.62,0.19,0.00,0.00,0.02,0.83,31.96,-0.04,0.79,0.078,0.074
105,이영하,20두P,0.070,3,19,132.0,25,8,17,0,1.000,1.71,0.39,0.00,0.00,0.09,0.26,0.74,6.73,0.00,0.74,0.070,0.070
106,조현우,20KP,0.069,2,0,46.2,15,5,10,0,1.000,2.89,0.61,0.00,0.00,0.03,0.09,0.73,18.85,0.00,0.73,0.069,0.069
107,배성근,20롯SS,0.069,1,1,17.0,6,1,5,0,1.000,3.18,0.55,0.00,0.00,0.00,0.05,0.61,42.64,0.09,0.69,0.060,0.069
108,구창모,20NP,0.068,3,14,93.1,15,5,9,1,.933,1.35,0.67,0.00,0.00,0.06,-0.01,0.72,9.18,0.00,0.72,0.068,0.068
109,최용제,20두C,0.067,1,9,116.1,85,77,5,3,.965,6.34,0.04,0.00,0.25,-0.13,-0.43,-0.27,-2.77,0.98,0.72,-0.025,0.067
110,김호은,20L1B,0.067,2,15,120.1,102,97,4,1,.990,7.55,1.90,-0.14,0.00,0.00,-0.03,1.73,17.20,-1.02,0.71,0.164,0.067
111,김현수,20KP,0.064,2,4,32.1,5,0,5,0,1.000,1.39,0.66,0.00,0.00,-0.04,0.06,0.68,25.06,0.00,0.68,0.064,0.064
112,김은성,20키2B,0.063,1,1,22.0,12,4,8,0,1.000,4.91,0.57,0.00,0.00,0.00,0.06,0.63,34.16,0.04,0.67,0.059,0.063
113,켈리,20LP,0.062,2,28,173.1,26,10,16,0,1.000,1.35,0.20,0.00,0.00,0.11,0.35,0.66,4.55,0.00,0.66,0.062,0.062
114,백동훈,20두RF,0.061,2,1,55.0,22,21,0,1,.955,3.44,0.99,0.01,0.00,0.00,-0.17,0.83,18.12,-0.18,0.65,0.079,0.061
115,김영규,20NP,0.060,3,13,67.2,16,3,13,0,1.000,2.13,0.46,0.00,0.00,0.04,0.14,0.64,11.33,0.00,0.64,0.060,0.060
116,서폴드,20한P,0.055,2,28,165.0,38,13,24,1,.974,2.02,0.34,0.00,0.00,0.11,0.13,0.58,4.21,0.00,0.58,0.055,0.055
117,김인태,20두LF,0.054,3,15,173.2,39,39,0,0,1.000,2.02,1.68,-0.25,0.00,0.00,0.10,1.52,10.48,-0.95,0.57,0.143,0.054
118,김재웅,20키P,0.054,2,7,59.2,9,2,6,1,.889,1.21,0.61,0.00,0.00,0.04,-0.08,0.57,11.48,0.00,0.57,0.054,0.054
119,송광민,20한3B,0.053,3,65,542.2,287,220,61,6,.979,4.66,1.85,0.00,0.00,0.00,0.13,1.98,4.38,-1.43,0.56,0.189,0.053
120,박상언,20한C,0.051,2,7,102.1,91,80,9,2,.978,7.83,0.27,0.00,0.03,-0.43,-0.25,-0.38,-4.48,0.93,0.54,-0.036,0.051
121,정찬헌,20LP,0.051,2,19,110.1,18,9,9,0,1.000,1.47,0.25,0.00,0.00,0.07,0.22,0.54,5.89,0.00,0.54,0.051,0.051
122,조영우,20SP,0.051,2,7,77.0,12,4,7,1,.917,1.29,0.54,0.00,0.00,0.05,-0.05,0.54,8.45,0.00,0.54,0.051,0.051
123,서진용,20SP,0.050,2,0,61.0,3,0,3,0,1.000,0.44,0.19,0.00,0.31,-0.09,0.12,0.53,10.48,0.00,0.53,0.050,0.050
124,박재욱,20LC,0.049,2,1,47.0,42,38,4,0,1.000,8.04,0.27,0.00,0.02,-0.27,0.07,0.10,2.44,0.43,0.52,0.009,0.049
125,최원준,20두P,0.049,3,18,123.0,11,2,9,0,1.000,0.81,0.19,0.00,0.00,0.08,0.25,0.52,5.06,0.00,0.52,0.049,0.049
126,김재유,20롯CF,0.048,1,29,272.1,76,73,1,2,.974,2.45,1.19,-0.12,0.00,0.00,-0.26,0.81,3.56,-0.30,0.50,0.076,0.048
127,최준용,20롯P,0.047,1,0,29.2,9,3,6,0,1.000,2.73,0.42,0.00,0.00,0.02,0.06,0.50,20.20,0.00,0.50,0.047,0.047
128,안영명,20한P,0.047,3,0,45.2,8,1,7,0,1.000,1.58,0.37,0.00,0.00,0.03,0.09,0.49,12.97,0.00,0.49,0.047,0.047
129,하준호,20KP,0.046,2,1,41.2,6,1,5,0,1.000,1.30,0.38,0.00,0.00,0.03,0.08,0.49,14.16,0.00,0.49,0.046,0.046
130,조성운,20키P,0.045,3,0,45.0,8,1,6,1,.875,1.40,0.52,0.00,0.18,-0.10,-0.11,0.48,12.85,0.00,0.48,0.045,0.045
131,오승환,20삼P,0.045,1,0,47.2,7,3,4,0,1.000,1.32,0.35,0.00,0.00,0.03,0.10,0.48,12.04,0.00,0.48,0.045,0.045
132,홍현빈,20KLF,0.043,1,4,79.0,23,23,0,0,1.000,2.62,1.24,-0.56,0.00,0.00,0.04,0.72,10.91,-0.26,0.46,0.068,0.043
133,김도환,20삼C,0.043,1,13,123.2,104,100,3,1,.990,7.50,0.01,0.00,0.03,-0.68,-0.02,-0.66,-6.41,1.12,0.46,-0.063,0.043
134,홍성무,20NP,0.043,3,0,15.0,5,0,5,0,1.000,3.00,0.42,0.00,0.00,0.01,0.03,0.45,36.30,0.00,0.45,0.043,0.043
135,강태율,20롯C,0.043,1,0,39.2,29,29,0,0,1.000,6.58,0.00,0.00,-0.13,0.17,0.06,0.09,2.87,0.37,0.46,0.009,0.043
136,허도환,20KC,0.043,3,14,151.1,116,103,10,3,.974,6.72,-0.03,0.00,-0.08,-0.42,-0.38,-0.92,-7.31,1.38,0.45,-0.087,0.043
137,임창민,20NP,0.042,3,0,37.2,6,2,4,0,1.000,1.43,0.48,0.00,0.00,-0.11,0.08,0.45,14.24,0.00,0.45,0.042,0.042
138,이보근,20KP,0.042,1,0,46.2,5,1,4,0,1.000,0.96,0.32,0.00,0.00,0.03,0.09,0.44,11.34,0.00,0.44,0.042,0.042
139,요키시,20키P,0.042,2,27,159.2,51,10,37,4,.922,2.65,0.82,0.00,0.00,0.11,-0.48,0.44,3.30,0.00,0.44,0.042,0.042
140,오현택,20롯P,0.041,2,0,36.0,8,1,7,0,1.000,2.00,0.48,0.00,-0.13,0.02,0.07,0.44,14.61,0.00,0.44,0.041,0.041
141,양현,20키P,0.040,3,1,60.0,12,3,8,1,.917,1.65,0.47,0.00,0.00,0.04,-0.08,0.43,8.57,0.00,0.43,0.040,0.040
142,배제성,20KP,0.040,3,26,141.1,18,2,14,2,.889,1.02,0.45,0.00,0.00,0.09,-0.12,0.43,3.61,0.00,0.43,0.040,0.040
143,송승준,20롯P,0.040,2,1,24.2,3,0,3,0,1.000,1.10,0.36,0.00,0.00,0.02,0.05,0.42,20.54,0.00,0.42,0.040,0.040
144,이호중,20NP,0.039,1,0,4.1,2,0,2,0,1.000,4.15,0.40,0.00,0.00,0.00,0.01,0.41,113.96,0.00,0.41,0.039,0.039
145,오주원,20키P,0.037,2,0,18.1,6,1,5,0,1.000,2.95,0.35,0.00,0.00,0.01,0.04,0.40,25.86,0.00,0.40,0.037,0.037
146,이유찬,20두3B,0.037,3,25,279.2,129,55,68,6,.954,3.96,0.04,0.00,0.00,0.00,-0.40,-0.36,-1.53,0.75,0.40,-0.034,0.037
147,신민혁,20NP,0.037,2,7,42.0,5,1,4,0,1.000,1.07,0.28,0.00,0.00,0.03,0.08,0.40,11.26,0.00,0.40,0.037,0.037
148,박시영,20롯P,0.037,2,0,30.1,7,1,6,0,1.000,2.08,0.44,0.00,-0.13,0.02,0.06,0.39,15.45,0.00,0.39,0.037,0.037
149,정은원,20한2B,0.034,3,72,622.0,319,136,179,4,.988,4.56,-1.41,0.00,0.00,0.00,0.64,-0.77,-1.48,1.13,0.36,-0.072,0.034
150,여건욱,20LP,0.034,3,0,27.2,4,0,4,0,1.000,1.30,0.29,0.00,0.00,0.02,0.06,0.36,15.52,0.00,0.36,0.034,0.034
151,조영건,20키P,0.032,2,10,44.1,5,2,3,0,1.000,1.02,0.22,0.00,0.00,0.03,0.09,0.34,9.15,0.00,0.34,0.032,0.032
152,전유수,20KP,0.032,2,0,45.2,11,3,7,1,.909,1.97,0.81,0.00,-0.39,0.03,-0.11,0.34,8.88,0.00,0.34,0.032,0.032
153,송준석,20삼RF,0.031,1,8,76.0,14,14,0,0,1.000,1.66,0.82,-0.12,0.00,0.00,0.05,0.74,11.65,-0.41,0.33,0.070,0.031
154,김원중,20롯P,0.031,2,0,59.1,13,5,7,1,.923,1.82,0.37,0.00,0.00,0.04,-0.08,0.32,6.54,0.00,0.32,0.031,0.031
155,노성호,20삼P,0.030,2,0,36.1,3,0,3,0,1.000,0.74,0.22,0.00,0.00,0.02,0.07,0.32,10.47,0.00,0.32,0.030,0.030
156,한현희,20키P,0.030,3,25,135.2,28,11,17,0,1.000,1.86,-0.05,0.00,0.00,0.09,0.27,0.32,2.79,0.00,0.32,0.030,0.030
157,권희동,20NRF,0.030,4,88,784.1,192,181,9,2,.990,2.18,1.02,3.47,0.00,0.00,0.06,4.54,6.92,-4.22,0.31,0.427,0.030
158,김민수,20롯3B,0.029,1,2,20.2,7,0,7,0,1.000,3.05,0.20,0.00,0.00,0.00,0.06,0.27,15.46,0.04,0.30,0.025,0.029
159,백정현,20삼P,0.029,2,11,59.0,8,1,6,1,.875,1.07,0.35,0.00,0.00,0.04,-0.08,0.30,6.17,0.00,0.30,0.029,0.029
160,이홍구,20SKC,0.029,2,26,230.0,182,171,9,2,.989,7.04,0.01,0.00,-1.22,-0.49,-0.07,-1.77,-9.23,2.08,0.30,-0.169,0.029
161,이호연,20롯1B,0.028,1,0,4.1,3,3,0,0,1.000,6.23,0.31,0.00,0.00,0.00,0.01,0.32,87.87,-0.04,0.28,0.032,0.028
162,정우람,20한P,0.028,2,0,54.1,12,2,10,0,1.000,1.99,0.15,0.00,0.00,0.04,0.11,0.29,6.48,0.00,0.29,0.028,0.028
163,한석현,20LRF,0.028,2,0,8.1,2,2,0,0,1.000,2.16,0.33,0.00,0.00,0.00,0.00,0.34,48.56,-0.05,0.29,0.032,0.028
164,이승민,20삼P,0.028,1,5,26.1,5,0,5,0,1.000,1.71,0.22,0.00,0.00,0.02,0.05,0.29,13.24,0.00,0.29,0.028,0.028
165,소이현,20NP,0.027,1,0,12.1,3,0,3,0,1.000,2.19,0.26,0.00,0.00,0.01,0.02,0.29,28.20,0.00,0.29,0.027,0.027
166,장승현,20두C,0.027,1,4,62.1,51,49,2,0,1.000,7.36,0.00,0.00,-0.43,0.06,0.09,-0.28,-5.31,0.57,0.29,-0.026,0.027
167,박희수,20SP,0.026,2,0,24.2,4,0,4,0,1.000,1.46,0.21,0.00,0.00,0.02,0.05,0.28,13.38,0.00,0.28,0.026,0.026
168,문찬종,20키2B,0.026,1,0,9.0,4,2,2,0,1.000,4.00,0.23,0.00,0.00,0.00,0.02,0.25,33.37,0.02,0.27,0.024,0.026
169,백승건,20SP,0.025,3,7,29.1,3,0,3,0,1.000,0.92,0.19,0.00,0.00,0.02,0.06,0.26,10.79,0.00,0.26,0.025,0.025
170,박종기,20두P,0.024,1,5,26.0,4,1,3,0,1.000,1.39,0.19,0.00,0.00,0.02,0.05,0.26,11.85,0.00,0.26,0.024,0.024
171,강재민,20한P,0.024,1,0,49.0,10,1,9,0,1.000,1.84,0.19,0.00,0.00,-0.03,0.10,0.25,6.12,0.00,0.25,0.024,0.024
172,김성민,20키P,0.023,2,0,23.2,8,0,8,0,1.000,3.04,0.19,0.00,0.00,0.02,0.05,0.25,12.61,0.00,0.25,0.023,0.023
173,진명호,20롯P,0.023,2,0,31.1,4,2,2,0,1.000,1.15,0.16,0.00,0.00,0.02,0.06,0.24,9.26,0.00,0.24,0.023,0.023
174,김윤식,20LP,0.022,2,11,67.2,8,2,6,0,1.000,1.06,0.06,0.00,0.00,0.04,0.14,0.24,4.20,0.00,0.24,0.022,0.022
175,이대은,20KP,0.022,2,4,29.1,3,1,2,0,1.000,0.92,0.16,0.00,0.00,0.02,0.06,0.24,9.67,0.00,0.24,0.022,0.022
176,김범수,20한P,0.022,3,8,55.0,4,1,3,0,1.000,0.66,0.08,0.00,0.00,0.04,0.11,0.23,4.98,0.00,0.23,0.022,0.022
177,임규빈,20키P,0.021,2,0,37.2,3,1,2,0,1.000,0.72,0.12,0.00,0.00,0.02,0.08,0.22,7.13,0.00,0.22,0.021,0.021
178,킹엄,20SP,0.021,1,2,10.2,2,0,2,0,1.000,1.69,0.19,0.00,0.00,0.01,0.02,0.22,24.93,0.00,0.22,0.021,0.021
179,변시원,20KP,0.019,1,0,5.0,3,0,3,0,1.000,5.40,0.19,0.00,0.00,0.00,0.01,0.20,48.27,0.00,0.20,0.019,0.019
180,서호철,20N3B,0.018,2,1,10.0,3,1,2,0,1.000,2.70,0.13,0.00,0.00,0.00,0.03,0.16,19.22,0.02,0.18,0.017,0.018
181,변상권,20키CF,0.018,2,15,154.0,43,43,0,0,1.000,2.51,0.72,-0.80,0.00,0.00,0.08,-0.00,-0.01,0.19,0.19,-0.000,0.018
182,신정락,20한P,0.018,3,0,12.0,2,0,2,0,1.000,1.50,0.16,0.00,0.00,0.01,0.02,0.19,19.05,0.00,0.19,0.018,0.018
183,라이블리,20삼P,0.018,2,21,112.0,25,9,14,2,.920,1.85,0.29,0.00,0.00,0.07,-0.18,0.19,2.00,0.00,0.19,0.018,0.018
184,이용찬,20두P,0.018,2,5,26.2,5,2,3,0,1.000,1.69,0.12,0.00,0.00,0.02,0.05,0.19,8.38,0.00,0.19,0.018,0.018
185,최재원,20LCF,0.018,1,0,8.0,5,5,0,0,1.000,5.63,0.33,-0.14,0.00,0.00,0.01,0.20,29.31,-0.01,0.18,0.019,0.018
186,뷰캐넌,20삼P,0.017,3,27,174.2,33,7,25,1,.970,1.65,-0.09,0.00,0.00,0.12,0.15,0.18,1.22,0.00,0.18,0.017,0.017
187,윤호솔,20한P,0.017,1,0,6.0,3,1,2,0,1.000,4.50,0.16,0.00,0.00,0.00,0.01,0.18,35.28,0.00,0.18,0.017,0.017
188,양창섭,20삼P,0.017,1,0,6.2,2,0,2,0,1.000,2.70,0.16,0.00,0.00,0.00,0.01,0.18,31.74,0.00,0.18,0.017,0.017
189,김대우,20롯P,0.017,2,1,49.1,11,4,6,1,.909,1.82,0.38,0.00,-0.13,0.03,-0.10,0.18,4.27,0.00,0.18,0.017,0.017
190,박진태,20KP,0.017,2,0,18.2,3,2,1,0,1.000,1.45,0.13,0.00,0.00,0.01,0.04,0.18,11.27,0.00,0.18,0.017,0.017
191,김기환,20NLF,0.016,1,0,5.0,1,1,0,0,1.000,1.80,0.17,0.03,0.00,0.00,0.00,0.20,48.34,-0.03,0.17,0.019,0.016
192,서덕원,20KP,0.015,1,0,12.2,2,0,2,0,1.000,1.42,0.13,0.00,0.00,0.01,0.03,0.16,15.10,0.00,0.16,0.015,0.015
193,김재윤,20KP,0.015,2,0,60.2,6,1,5,0,1.000,0.89,-0.00,0.00,0.00,0.04,0.12,0.16,3.13,0.00,0.16,0.015,0.015
194,김강률,20두P,0.015,2,0,28.0,6,2,3,1,.833,1.61,0.28,0.00,0.00,0.02,-0.14,0.16,6.75,0.00,0.16,0.015,0.015
195,서균,20한P,0.015,1,0,7.1,0,0,0,0,,0.00,-0.17,0.00,0.31,0.00,0.01,0.16,25.60,0.00,0.16,0.015,0.015
196,김건태,20NP,0.015,2,0,35.0,2,0,2,0,1.000,0.51,0.06,0.00,0.00,0.02,0.07,0.16,5.31,0.00,0.16,0.015,0.015
197,데스파이네,20KP,0.015,2,34,207.2,37,14,23,0,1.000,1.60,-0.13,0.00,-0.13,0.00,0.42,0.15,0.89,0.00,0.15,0.015,0.015
198,윤성환,20삼P,0.014,2,5,18.2,3,1,2,0,1.000,1.45,0.10,0.00,0.00,0.01,0.04,0.15,9.40,0.00,0.15,0.014,0.014
199,김재열,20KP,0.013,2,0,17.1,1,0,1,0,1.000,0.52,0.10,0.00,0.00,0.01,0.03,0.14,9.87,0.00,0.14,0.013,0.013
200,장원삼,20롯P,0.013,2,4,34.0,6,3,3,0,1.000,1.59,0.05,0.00,0.00,0.02,0.07,0.14,4.87,0.00,0.14,0.013,0.013
201,김현준,20KP,0.013,2,0,14.1,1,0,1,0,1.000,0.63,0.10,0.00,0.00,0.01,0.03,0.14,11.27,0.00,0.14,0.013,0.013
202,이상민,20삼P,0.013,1,1,14.0,7,4,3,0,1.000,4.50,0.10,0.00,0.00,0.01,0.03,0.13,11.47,0.00,0.13,0.013,0.013
203,김강현,20롯C,0.013,1,0,9.0,6,6,0,0,1.000,6.00,0.00,0.00,0.00,0.04,0.01,0.05,6.78,0.08,0.13,0.005,0.013
204,이상규,20LP,0.012,3,0,31.0,3,0,3,0,1.000,0.87,0.05,0.00,0.00,0.02,0.06,0.13,5.04,0.00,0.13,0.012,0.012
205,문선재,20KLF,0.012,1,0,25.0,4,4,0,0,1.000,1.44,0.13,0.07,0.00,0.00,0.01,0.21,9.93,-0.08,0.13,0.020,0.012
206,강동호,20롯P,0.012,2,0,11.0,1,0,1,0,1.000,0.82,0.10,0.00,0.00,0.01,0.02,0.13,13.73,0.00,0.13,0.012,0.012
207,남호,20LP,0.011,1,3,18.1,1,0,1,0,1.000,0.49,0.06,0.00,0.00,0.01,0.04,0.11,7.36,0.00,0.11,0.011,0.011
208,정인욱,20삼P,0.010,1,0,5.1,1,0,1,0,1.000,1.69,0.10,0.00,0.00,0.00,0.01,0.11,24.93,0.00,0.11,0.010,0.010
209,황인준,20KP,0.010,1,0,4.0,2,1,1,0,1.000,4.50,0.10,0.00,0.00,0.00,0.01,0.11,32.18,0.00,0.11,0.010,0.010
210,윤규진,20한P,0.010,2,0,3.2,2,1,1,0,1.000,4.91,0.10,0.00,0.00,0.00,0.01,0.11,34.82,0.00,0.11,0.010,0.010
211,루친스키,20NP,0.009,2,30,183.0,36,13,20,3,.917,1.62,0.21,0.00,0.00,0.12,-0.23,0.10,0.65,0.00,0.10,0.009,0.009
212,권휘,20두P,0.009,1,0,13.2,1,0,1,0,1.000,0.66,0.06,0.00,0.00,0.01,0.03,0.10,8.63,0.00,0.10,0.009,0.009
213,문승원,20SP,0.009,3,25,145.2,23,4,16,3,.870,1.24,0.31,0.00,0.00,0.10,-0.31,0.09,0.77,0.00,0.09,0.009,0.009
214,지성준,20롯C,0.009,1,3,19.1,25,21,4,0,1.000,11.64,0.14,0.00,-0.13,-0.12,0.03,-0.08,-5.16,0.18,0.09,-0.008,0.009
215,최영환,20롯P,0.009,2,1,10.0,1,0,1,0,1.000,0.90,0.06,0.00,0.00,0.01,0.02,0.09,10.84,0.00,0.09,0.009,0.009
216,이정용,20LP,0.009,1,0,34.0,0,0,0,0,,0.00,-0.00,0.00,0.00,0.02,0.07,0.09,3.18,0.00,0.09,0.009,0.009
217,이형범,20두P,0.008,2,0,25.2,6,2,3,1,.833,1.75,0.22,0.00,0.00,0.02,-0.15,0.09,4.17,0.00,0.09,0.008,0.008
218,이민호,20LP,0.008,2,16,97.2,16,6,10,0,1.000,1.47,-0.17,0.00,0.00,0.06,0.20,0.09,1.10,0.00,0.09,0.008,0.008
219,박정수,20KNP,0.008,1,3,33.0,7,3,4,0,1.000,1.91,-0.00,0.00,0.00,0.02,0.07,0.09,3.18,0.00,0.09,0.008,0.008
220,함덕주,20두P,0.008,2,6,55.1,6,2,4,0,1.000,0.98,0.21,0.00,0.00,-0.23,0.11,0.09,1.87,0.00,0.09,0.008,0.008
221,김동혁,20키P,0.008,1,0,8.2,2,1,1,0,1.000,2.08,0.06,0.00,0.00,0.01,0.02,0.09,11.77,0.00,0.09,0.008,0.008
222,서동민,20SP,0.008,1,0,8.1,1,0,1,0,1.000,1.08,0.06,0.00,0.00,0.01,0.02,0.08,12.11,0.00,0.08,0.008,0.008
223,김영환,20KK2B,0.008,1,1,17.0,7,2,5,0,1.000,3.71,-0.00,0.00,0.00,0.00,0.05,0.05,3.59,0.03,0.08,0.005,0.008
224,한승혁,20롯P,0.008,1,0,7.0,3,2,1,0,1.000,3.86,0.06,0.00,0.00,0.00,0.01,0.08,13.81,0.00,0.08,0.008,0.008
225,김동한,20롯3B,0.007,2,9,154.1,60,19,38,3,.950,3.32,0.06,-0.09,0.00,0.00,-0.17,-0.19,-1.49,0.27,0.08,-0.018,0.007
226,이강준,20KP,0.007,2,0,5.2,1,0,1,0,1.000,1.59,0.06,0.00,0.00,0.00,0.01,0.08,16.70,0.00,0.08,0.007,0.007
227,양기현,20키P,0.007,1,0,23.1,3,0,3,0,1.000,1.16,0.02,0.00,0.00,0.02,0.05,0.08,3.96,0.00,0.08,0.007,0.007
228,러셀,20키2B,0.007,1,56,494.1,297,106,179,12,.960,5.19,-0.39,0.00,0.00,0.00,-1.12,-1.51,-3.65,1.59,0.08,-0.143,0.007
229,김태훈,20키P,0.007,3,2,64.0,17,2,14,1,.941,2.25,0.24,0.00,0.00,-0.09,-0.07,0.07,1.39,0.00,0.07,0.007,0.007
230,이주엽,20두P,0.007,1,0,3.1,1,0,1,0,1.000,2.70,0.06,0.00,0.00,0.00,0.01,0.07,25.51,0.00,0.07,0.007,0.007
231,류진욱,20NP,0.007,2,0,3.0,1,0,1,0,1.000,3.00,0.06,0.00,0.00,0.00,0.01,0.07,27.99,0.00,0.07,0.007,0.007
232,홍원표,20삼P,0.006,1,0,1.0,1,0,1,0,1.000,9.00,0.06,0.00,0.00,0.00,0.00,0.07,79.78,0.00,0.07,0.006,0.006
,양선률,20SP,0.006,1,0,1.0,1,0,1,0,1.000,9.00,0.06,0.00,0.00,0.00,0.00,0.07,79.78,0.00,0.07,0.006,0.006
234,한승주,20한P,0.006,1,1,1.2,1,0,1,0,1.000,5.40,0.06,0.00,0.00,0.00,0.00,0.07,47.83,0.00,0.07,0.006,0.006
235,최지광,20삼P,0.006,2,0,44.1,9,3,5,1,.889,1.62,0.27,0.00,0.00,-0.10,-0.11,0.06,1.58,0.00,0.06,0.006,0.006
236,송윤준,20한P,0.005,2,0,23.0,4,2,2,0,1.000,1.57,0.13,0.00,0.00,-0.12,0.05,0.05,2.77,0.00,0.05,0.005,0.005
237,이정훈,20KC,0.004,1,0,3.0,2,2,0,0,1.000,6.00,0.00,0.00,0.00,0.01,0.00,0.02,6.78,0.03,0.04,0.002,0.004
238,양우현,20삼2B,0.004,1,7,55.0,29,9,17,3,.897,4.26,0.41,0.00,0.00,0.00,-0.46,-0.06,-1.20,0.10,0.04,-0.005,0.004
239,정수민,20SP,0.004,1,3,15.2,0,0,0,0,,0.00,-0.00,0.00,0.00,0.01,0.03,0.04,3.18,0.00,0.04,0.004,0.004
240,오명진,20두2B,0.004,1,0,4.0,2,1,1,0,1.000,4.50,0.02,0.00,0.00,0.00,0.01,0.03,9.84,0.01,0.04,0.003,0.004
241,문성현,20키P,0.004,1,2,15.0,0,0,0,0,,0.00,-0.00,0.00,0.00,0.01,0.03,0.04,3.18,0.00,0.04,0.004,0.004
242,이상화,20KP,0.004,3,0,15.0,2,2,0,0,1.000,1.20,-0.00,0.00,0.00,0.01,0.03,0.04,3.18,0.00,0.04,0.004,0.004
243,허관회,20한C,0.004,1,1,7.0,10,10,0,0,1.000,12.86,0.00,0.00,-0.06,0.03,0.01,-0.03,-4.31,0.06,0.04,-0.002,0.004
244,문상인,20KC,0.003,1,0,7.0,2,2,0,0,1.000,2.57,0.00,0.00,0.00,-0.04,0.01,-0.03,-4.51,0.06,0.04,-0.003,0.003
245,김용의,20L1B,0.003,3,5,215.0,209,177,32,0,1.000,8.75,1.59,-0.23,0.00,0.00,0.35,1.71,9.50,-1.67,0.03,0.161,0.003
246,현원회,20SC,0.003,1,0,2.0,3,3,0,0,1.000,13.50,0.00,0.00,0.00,0.01,0.00,0.01,6.78,0.02,0.03,0.001,0.003
247,김병휘,20키2B,0.003,1,0,1.0,1,0,1,0,1.000,9.00,0.02,0.00,0.00,0.00,0.00,0.03,31.22,0.00,0.03,0.002,0.003
248,김진호,20NP,0.003,1,3,10.1,0,0,0,0,,0.00,-0.00,0.00,0.00,0.01,0.02,0.03,3.18,0.00,0.03,0.003,0.003
249,차우찬,20LP,0.002,3,13,64.0,9,0,8,1,.889,1.13,0.05,0.00,0.00,0.04,-0.07,0.02,0.47,0.00,0.02,0.002,0.002
250,류희운,20KP,0.002,2,0,8.1,0,0,0,0,,0.00,-0.00,0.00,0.00,0.01,0.02,0.02,3.18,0.00,0.02,0.002,0.002
251,이창재,20KP,0.002,1,0,8.0,2,1,1,0,1.000,2.25,-0.00,0.00,0.00,0.01,0.02,0.02,3.18,0.00,0.02,0.002,0.002
252,장웅정,20한P,0.002,1,2,7.2,1,1,0,0,1.000,1.17,-0.00,0.00,0.00,0.01,0.02,0.02,3.18,0.00,0.02,0.002,0.002
253,김기탁,20한P,0.002,1,0,7.0,1,1,0,0,1.000,1.29,-0.00,0.00,0.00,0.00,0.01,0.02,3.18,0.00,0.02,0.002,0.002
254,장필준,20삼P,0.002,2,2,36.0,3,1,2,0,1.000,0.75,-0.08,0.00,0.00,0.02,0.07,0.02,0.59,0.00,0.02,0.002,0.002
255,이상동,20KP,0.002,1,0,6.0,0,0,0,0,,0.00,-0.00,0.00,0.00,0.00,0.01,0.02,3.18,0.00,0.02,0.002,0.002
256,조제영,20두P,0.002,2,1,6.0,0,0,0,0,,0.00,-0.00,0.00,0.00,0.00,0.01,0.02,3.18,0.00,0.02,0.002,0.002
257,장원준,20두P,0.001,1,2,5.2,0,0,0,0,,0.00,-0.00,0.00,0.00,0.00,0.01,0.02,3.18,0.00,0.02,0.001,0.001
258,문대원,20두P,0.001,2,0,5.2,1,1,0,0,1.000,1.59,-0.00,0.00,0.00,0.00,0.01,0.02,3.18,0.00,0.02,0.001,0.001
259,이우찬,20LP,0.001,1,1,4.2,0,0,0,0,,0.00,-0.00,0.00,0.00,0.00,0.01,0.01,3.18,0.00,0.01,0.001,0.001
,류원석,20LP,0.001,2,1,4.2,2,2,0,0,1.000,3.86,-0.00,0.00,0.00,0.00,0.01,0.01,3.18,0.00,0.01,0.001,0.001
261,성재헌,20LP,0.001,1,0,4.1,1,1,0,0,1.000,2.08,-0.00,0.00,0.00,0.00,0.01,0.01,3.18,0.00,0.01,0.001,0.001
262,이교훈,20두P,0.001,1,0,4.1,0,0,0,0,,0.00,-0.00,0.00,0.00,0.00,0.01,0.01,3.18,0.00,0.01,0.001,0.001
263,문광은,20LP,0.001,2,0,4.0,1,1,0,0,1.000,2.25,-0.00,0.00,0.00,0.00,0.01,0.01,3.18,0.00,0.01,0.001,0.001
264,김지용,20LP,0.001,1,0,3.2,0,0,0,0,,0.00,-0.00,0.00,0.00,0.00,0.01,0.01,3.18,0.00,0.01,0.001,0.001
265,박승주,20키P,0.001,1,0,3.2,1,1,0,0,1.000,2.46,-0.00,0.00,0.00,0.00,0.01,0.01,3.18,0.00,0.01,0.001,0.001
266,박신지,20두P,0.001,1,0,3.0,0,0,0,0,,0.00,-0.00,0.00,0.00,0.00,0.01,0.01,3.18,0.00,0.01,0.001,0.001
267,최세창,20두P,0.001,1,0,3.0,0,0,0,0,,0.00,-0.00,0.00,0.00,0.00,0.01,0.01,3.18,0.00,0.01,0.001,0.001
268,윤희상,20SP,0.001,1,1,3.0,0,0,0,0,,0.00,-0.00,0.00,0.00,0.00,0.01,0.01,3.18,0.00,0.01,0.001,0.001
269,김성훈,20KP,0.001,1,0,3.0,0,0,0,0,,0.00,-0.00,0.00,0.00,0.00,0.01,0.01,3.18,0.00,0.01,0.001,0.001
270,정대현,20키P,0.001,1,1,2.2,0,0,0,0,,0.00,-0.00,0.00,0.00,0.00,0.01,0.01,3.18,0.00,0.01,0.001,0.001
271,문경찬,20KNP,0.001,2,0,52.0,2,0,2,0,1.000,0.35,-0.00,0.00,-0.13,0.03,0.10,0.01,0.15,0.00,0.01,0.001,0.001
272,김대유,20LP,0.001,2,0,2.1,0,0,0,0,,0.00,-0.00,0.00,0.00,0.00,0.00,0.01,3.18,0.00,0.01,0.001,0.001
,금민철,20KP,0.001,1,0,2.1,0,0,0,0,,0.00,-0.00,0.00,0.00,0.00,0.00,0.01,3.18,0.00,0.01,0.001,0.001
274,이선우,20KP,0.001,1,0,2.0,0,0,0,0,,0.00,-0.00,0.00,0.00,0.00,0.00,0.01,3.18,0.00,0.01,0.001,0.001
275,김찬호,20SP,0.001,1,0,2.0,0,0,0,0,,0.00,-0.00,0.00,0.00,0.00,0.00,0.01,3.18,0.00,0.01,0.001,0.001
,박주성,20키P,0.001,1,0,2.0,0,0,0,0,,0.00,-0.00,0.00,0.00,0.00,0.00,0.01,3.18,0.00,0.01,0.001,0.001
277,정태승,20롯P,0.000,1,0,1.2,0,0,0,0,,0.00,-0.00,0.00,0.00,0.00,0.00,0.00,3.18,0.00,0.00,0.000,0.000
278,정용운,20LP,0.000,1,0,1.2,0,0,0,0,,0.00,-0.00,0.00,0.00,0.00,0.00,0.00,3.18,0.00,0.00,0.000,0.000
279,김주온,20SP,0.000,2,0,31.0,2,1,1,0,1.000,0.58,-0.08,0.00,0.00,0.02,0.06,0.00,0.17,0.00,0.00,0.000,0.000
280,유원상,20KP,0.000,3,0,64.0,9,4,5,0,1.000,1.27,-0.03,0.00,-0.13,0.04,0.13,0.00,0.07,0.00,0.00,0.000,0.000
281,황동재,20삼P,0.000,1,0,1.1,0,0,0,0,,0.00,-0.00,0.00,0.00,0.00,0.00,0.00,3.18,0.00,0.00,0.000,0.000
282,백청훈,20LP,0.000,1,0,1.1,0,0,0,0,,0.00,-0.00,0.00,0.00,0.00,0.00,0.00,3.18,0.00,0.00,0.000,0.000
283,한선태,20LP,0.000,1,0,1.0,0,0,0,0,,0.00,-0.00,0.00,0.00,0.00,0.00,0.00,3.18,0.00,0.00,0.000,0.000
,안인산,20NP,0.000,1,0,1.0,1,1,0,0,1.000,9.00,-0.00,0.00,0.00,0.00,0.00,0.00,3.18,0.00,0.00,0.000,0.000
,김승범,20KP,0.000,1,0,1.0,0,0,0,0,,0.00,-0.00,0.00,0.00,0.00,0.00,0.00,3.18,0.00,0.00,0.000,0.000
,김태경,20NP,0.000,1,0,1.0,0,0,0,0,,0.00,-0.00,0.00,0.00,0.00,0.00,0.00,3.18,0.00,0.00,0.000,0.000
,차재용,20키P,0.000,1,0,1.0,0,0,0,0,,0.00,-0.00,0.00,0.00,0.00,0.00,0.00,3.18,0.00,0.00,0.000,0.000
288,김민규,20두P,0.000,2,4,53.1,5,3,2,0,1.000,0.84,0.13,0.00,-0.13,-0.10,0.11,0.00,0.05,0.00,0.00,0.000,0.000
289,윤강민,20SP,0.000,1,0,0.2,0,0,0,0,,0.00,-0.00,0.00,0.00,0.00,0.00,0.00,3.18,0.00,0.00,0.000,0.000
290,이재익,20삼P,0.000,1,0,0.2,0,0,0,0,,0.00,-0.00,0.00,0.00,0.00,0.00,0.00,3.18,0.00,0.00,0.000,0.000
291,오태곤,20KLF,0.000,0,0,1.0,0,0,0,0,,0.00,0.00,-0.00,0.00,0.00,0.00,-0.00,-0.63,0.00,0.00,-0.000,0.000
292,박시원,20NCF,0.000,1,0,1.0,0,0,0,0,,0.00,0.00,-0.00,0.00,0.00,0.00,-0.00,-0.63,0.00,0.00,-0.000,0.000
293,구승민,20롯P,0.000,2,0,60.1,4,2,2,0,1.000,0.60,-0.16,0.00,0.00,0.04,0.12,0.00,0.02,0.00,0.00,0.000,0.000
294,박관진,20키P,0.000,1,0,0.1,0,0,0,0,,0.00,-0.00,0.00,0.00,0.00,0.00,0.00,3.18,0.00,0.00,0.000,0.000
,배창현,20두P,0.000,1,0,0.1,0,0,0,0,,0.00,-0.00,0.00,0.00,0.00,0.00,0.00,3.18,0.00,0.00,0.000,0.000
,차명진,20KP,0.000,1,0,0.1,0,0,0,0,,0.00,-0.00,0.00,0.00,0.00,0.00,0.00,3.18,0.00,0.00,0.000,0.000
,박세진,20KP,0.000,1,0,0.1,0,0,0,0,,0.00,-0.00,0.00,0.00,0.00,0.00,0.00,3.18,0.00,0.00,0.000,0.000
298,임형원,20NP,0.000,1,0,0.0,0,0,0,0,,,0.00,0.00,0.00,0.00,0.00,0.00,,0.00,0.00,0.000,0.000
,한승지,20KP,0.000,1,0,0.0,0,0,0,0,,,0.00,0.00,0.00,0.00,0.00,0.00,,0.00,0.00,0.000,0.000
300,임지열,20키RF,-0.000,1,0,1.0,0,0,0,0,,0.00,0.00,0.00,0.00,0.00,0.00,0.00,0.77,-0.01,-0.01,0.000,-0.000
301,김태훈,20KLF,-0.001,1,0,2.0,0,0,0,0,,0.00,0.00,0.00,0.00,0.00,0.00,0.00,2.44,-0.01,-0.01,0.000,-0.001
302,임현준,20삼P,-0.001,3,0,25.1,9,6,2,1,.889,2.84,0.26,0.00,-0.13,0.02,-0.15,-0.01,-0.39,0.00,-0.01,-0.001,-0.001
303,강윤구,20NP,-0.002,2,0,21.0,4,0,4,0,1.000,1.71,0.19,0.00,-0.13,-0.12,0.04,-0.02,-1.23,0.00,-0.02,-0.002,-0.002
304,장현식,20NKP,-0.002,2,3,41.0,7,2,5,0,1.000,1.54,-0.00,0.00,0.00,-0.11,0.08,-0.03,-0.73,0.00,-0.03,-0.002,-0.002
305,김정후,20키P,-0.003,1,0,3.0,1,0,1,0,1.000,3.00,0.10,0.00,-0.13,0.00,0.01,-0.03,-10.67,0.00,-0.03,-0.003,-0.003
306,김이환,20한P,-0.003,2,15,64.2,11,5,5,1,.909,1.39,-0.00,0.00,0.00,0.04,-0.07,-0.03,-0.52,0.00,-0.03,-0.003,-0.003
307,김재현,20키C,-0.003,1,0,7.0,3,2,1,0,1.000,3.86,0.00,0.00,-0.06,-0.04,0.01,-0.09,-15.59,0.06,-0.03,-0.009,-0.003
308,이거연,20S1B,-0.003,2,0,4.0,3,3,0,0,1.000,6.75,0.00,0.00,0.00,0.00,0.01,0.01,1.92,-0.04,-0.03,0.001,-0.003
309,김명신,20두P,-0.004,1,0,15.1,2,1,1,0,1.000,1.17,-0.08,0.00,0.00,0.01,0.03,-0.04,-2.91,0.00,-0.04,-0.004,-0.004
310,서예일,20두2B,-0.004,1,5,96.2,43,13,27,3,.930,3.72,0.01,0.00,0.00,0.00,-0.33,-0.32,-3.96,0.28,-0.04,-0.030,-0.004
311,임준섭,20한P,-0.005,2,1,8.2,1,0,1,0,1.000,1.04,0.06,0.00,0.00,-0.13,0.02,-0.05,-6.74,0.00,-0.05,-0.005,-0.005
312,채지선,20두P,-0.005,3,0,33.0,7,5,2,0,1.000,1.91,0.12,0.00,-0.13,-0.11,0.07,-0.05,-1.94,0.00,-0.05,-0.005,-0.005
313,유영준,20N2B,-0.005,1,0,10.0,3,1,2,0,1.000,2.70,-0.10,0.00,0.00,0.00,0.03,-0.07,-8.55,0.02,-0.05,-0.007,-0.005
314,김현민,20한2B,-0.005,1,0,8.0,7,3,3,1,.857,6.75,0.11,0.00,0.00,0.00,-0.18,-0.07,-10.43,0.01,-0.06,-0.007,-0.005
315,강현우,20KC,-0.005,2,6,81.1,62,50,11,1,.984,6.75,-0.04,0.00,-0.02,-0.65,-0.08,-0.79,-11.68,0.74,-0.06,-0.075,-0.005
316,윤수강,20NC,-0.006,1,0,5.0,3,3,0,0,1.000,5.40,0.00,0.00,0.00,-0.11,0.01,-0.11,-25.30,0.05,-0.06,-0.010,-0.006
317,신성현,20두1B,-0.006,1,0,9.0,6,6,0,0,1.000,6.00,0.00,0.00,0.00,0.00,0.01,0.01,1.92,-0.08,-0.07,0.001,-0.006
318,조용호,20KLF,-0.006,3,92,720.1,158,151,6,1,.994,1.96,2.86,0.77,0.00,0.00,0.21,3.84,6.39,-3.91,-0.07,0.363,-0.006
319,심창민,20삼P,-0.007,1,0,20.1,1,0,1,0,1.000,0.44,0.34,0.00,-0.13,-0.32,0.04,-0.07,-4.28,0.00,-0.07,-0.007,-0.007
320,김선기,20키P,-0.007,1,0,22.0,1,1,0,0,1.000,0.41,-0.00,0.00,-0.13,0.01,0.04,-0.07,-3.98,0.00,-0.07,-0.007,-0.007
321,허윤동,20삼P,-0.007,2,11,45.0,5,0,5,0,1.000,1.00,-0.19,0.00,0.00,0.03,0.09,-0.07,-1.98,0.00,-0.07,-0.007,-0.007
322,박지규,20L2B,-0.007,1,0,4.0,5,3,2,0,1.000,11.25,-0.09,0.00,0.00,0.00,0.01,-0.08,-24.49,0.01,-0.07,-0.008,-0.007
323,최정원,20N2B,-0.008,2,6,100.0,43,22,19,2,.954,3.69,0.02,0.03,0.00,0.00,-0.20,-0.16,-1.86,0.07,-0.08,-0.015,-0.008
324,정영일,20SP,-0.008,2,0,23.1,2,0,2,0,1.000,0.77,-0.01,0.00,-0.13,0.02,0.05,-0.08,-4.29,0.00,-0.08,-0.008,-0.008
325,핀토,20SP,-0.008,2,30,162.0,33,11,22,0,1.000,1.83,-0.52,0.00,0.00,0.11,0.32,-0.09,-0.63,0.00,-0.09,-0.008,-0.008
326,박상원,20한P,-0.008,2,0,58.0,13,5,7,1,.923,1.86,0.09,0.00,-0.13,0.04,-0.08,-0.09,-1.81,0.00,-0.09,-0.008,-0.008
327,김재현,20SLF,-0.009,2,4,36.1,10,10,0,0,1.000,2.48,0.31,-0.23,0.00,0.00,0.02,0.11,3.47,-0.19,-0.09,0.010,-0.009
328,스트레일리,20롯P,-0.009,2,31,194.2,30,13,14,3,.900,1.25,-0.01,0.00,0.00,0.13,-0.21,-0.10,-0.59,0.00,-0.10,-0.009,-0.009
329,신용수,20롯RF,-0.009,1,2,17.1,2,2,0,0,1.000,1.04,-0.10,0.08,0.00,0.00,0.01,-0.01,-0.38,-0.09,-0.10,-0.001,-0.009
330,백승민,20삼1B,-0.010,1,3,23.0,29,26,3,0,1.000,11.35,0.07,0.00,0.00,0.00,0.04,0.11,5.53,-0.21,-0.10,0.010,-0.010
331,이승민,20두C,-0.010,1,0,2.0,3,2,1,0,1.000,13.50,0.00,0.00,0.00,-0.12,0.00,-0.12,-72.22,0.02,-0.10,-0.011,-0.010
332,윤명준,20두P,-0.010,2,0,40.0,5,0,5,0,1.000,1.13,-0.21,0.00,0.00,0.03,0.08,-0.10,-3.09,0.00,-0.10,-0.010,-0.010
333,안우진,20키P,-0.010,2,0,36.0,4,2,1,1,.750,0.75,-0.00,0.00,0.00,0.02,-0.13,-0.10,-3.47,0.00,-0.10,-0.010,-0.010
334,김성윤,20삼LF,-0.010,1,1,19.1,4,4,0,0,1.000,1.86,0.15,-0.20,0.00,0.00,0.01,-0.04,-2.25,-0.07,-0.11,-0.003,-0.010
335,류지혁,20두K3B,-0.010,0,8,61.0,25,5,18,2,.920,3.39,-0.00,0.00,0.00,0.00,-0.22,-0.22,-4.38,0.11,-0.11,-0.021,-0.010
336,김대우,20삼P,-0.011,2,9,77.2,13,2,9,2,.846,1.28,0.22,0.00,0.00,-0.08,-0.24,-0.11,-1.72,0.00,-0.11,-0.011,-0.011
337,김건국,20롯P,-0.011,1,0,31.2,7,5,1,1,.857,1.71,-0.00,0.00,0.00,0.02,-0.14,-0.12,-4.38,0.00,-0.12,-0.011,-0.011
338,이재학,20NP,-0.011,2,19,90.2,14,5,8,1,.929,1.29,-0.16,0.00,0.00,0.06,-0.02,-0.12,-1.59,0.00,-0.12,-0.011,-0.011
339,송은범,20LP,-0.011,3,1,56.0,7,2,5,0,1.000,1.13,-0.14,0.00,-0.13,0.04,0.11,-0.12,-2.60,0.00,-0.12,-0.011,-0.011
340,알테어,20NCF,-0.012,4,129,1094.2,331,326,3,2,.994,2.71,-0.97,-1.30,0.00,0.00,0.13,-2.14,-2.34,2.02,-0.12,-0.199,-0.012
341,이택근,20키LF,-0.012,2,8,54.0,10,10,0,0,1.000,1.67,0.22,-0.08,0.00,0.00,0.03,0.17,3.67,-0.29,-0.13,0.016,-0.012
342,김태현,20NP,-0.012,1,0,1.1,0,0,0,0,,0.00,-0.00,0.00,0.00,-0.13,0.00,-0.13,-117.12,0.00,-0.13,-0.012,-0.012
343,이동원,20두P,-0.012,1,0,0.0,0,0,0,0,,,0.00,0.00,-0.13,0.00,0.00,-0.13,,0.00,-0.13,-0.012,-0.012
344,김주한,20SP,-0.012,2,7,46.0,8,0,8,0,1.000,1.57,-0.12,0.00,0.00,-0.10,0.09,-0.13,-3.43,0.00,-0.13,-0.012,-0.012
345,안현준,20KP,-0.013,1,0,0.1,0,0,0,0,,0.00,-0.00,0.00,0.00,-0.13,0.00,-0.13,-478.01,0.00,-0.13,-0.013,-0.013
346,박민,20K3B,-0.014,1,0,5.0,4,0,3,1,.750,5.40,0.03,0.00,0.00,0.00,-0.18,-0.16,-37.26,0.01,-0.15,-0.015,-0.014
347,이건욱,20SP,-0.014,2,25,122.0,9,2,7,0,1.000,0.66,-0.48,0.00,0.00,0.08,0.24,-0.15,-1.48,0.00,-0.15,-0.014,-0.014
348,홍건희,20K두P,-0.014,2,0,68.2,13,3,9,1,.923,1.57,-0.00,0.00,0.00,-0.09,-0.06,-0.15,-2.64,0.00,-0.15,-0.014,-0.014
349,이원준,20SP,-0.015,3,0,19.1,2,0,2,0,1.000,0.93,0.19,0.00,-0.13,-0.26,0.04,-0.15,-9.56,0.00,-0.15,-0.015,-0.015
350,김윤수,20삼P,-0.015,2,0,58.0,6,0,6,0,1.000,0.93,-0.18,0.00,0.00,-0.10,0.12,-0.15,-3.20,0.00,-0.15,-0.015,-0.015
351,조병욱,20KP,-0.015,1,4,28.1,7,2,5,0,1.000,2.22,-0.23,0.00,0.00,0.02,0.06,-0.16,-6.55,0.00,-0.16,-0.015,-0.015
352,권정웅,20삼C,-0.015,1,0,5.2,4,4,0,0,1.000,6.35,-0.18,0.00,0.00,-0.04,0.01,-0.21,-44.47,0.05,-0.16,-0.020,-0.015
353,홍성민,20NP,-0.015,1,0,26.0,6,3,3,0,1.000,2.08,-0.23,0.00,0.00,0.02,0.05,-0.16,-7.34,0.00,-0.16,-0.015,-0.015
354,오동욱,20한P,-0.016,1,1,10.0,2,1,0,1,.500,0.90,-0.00,0.00,0.00,0.01,-0.18,-0.17,-20.76,0.00,-0.17,-0.016,-0.016
355,채드벨,20한P,-0.016,2,16,77.0,15,5,10,0,1.000,1.75,-0.38,0.00,0.00,0.05,0.15,-0.17,-2.71,0.00,-0.17,-0.016,-0.016
356,박세웅,20롯P,-0.017,2,28,147.1,28,6,20,2,.929,1.59,-0.17,0.00,0.00,0.10,-0.11,-0.18,-1.43,0.00,-0.18,-0.017,-0.017
357,신재웅,20SP,-0.017,2,0,19.1,4,0,4,0,1.000,1.86,0.16,0.00,-0.39,0.01,0.04,-0.18,-11.31,0.00,-0.18,-0.017,-0.017
358,이태양,20한SP,-0.017,3,0,56.0,6,2,4,0,1.000,0.96,-0.00,0.00,-0.13,-0.16,0.11,-0.18,-3.91,0.00,-0.18,-0.017,-0.017
359,이승헌,20롯P,-0.017,2,8,36.2,8,0,7,1,.875,1.72,-0.08,0.00,0.00,0.02,-0.13,-0.18,-5.98,0.00,-0.18,-0.017,-0.017
360,손정욱,20NP,-0.017,1,0,12.0,3,0,2,1,.667,1.50,-0.02,0.00,0.00,0.01,-0.18,-0.18,-18.35,0.00,-0.18,-0.017,-0.017
361,유희관,20두P,-0.018,3,27,136.1,21,4,15,2,.905,1.25,-0.15,0.00,0.00,0.09,-0.13,-0.19,-1.64,0.00,-0.19,-0.018,-0.018
362,장시환,20한P,-0.018,2,26,132.2,25,5,19,1,.960,1.63,-0.34,0.00,0.00,0.09,0.07,-0.19,-1.69,0.00,-0.19,-0.018,-0.018
363,김주형,20키3B,-0.018,3,9,116.0,45,13,29,3,.933,3.26,-0.21,0.00,0.00,0.00,-0.27,-0.47,-4.88,0.28,-0.19,-0.045,-0.018
364,이찬혁,20LP,-0.018,1,0,3.1,1,0,0,1,.000,0.00,-0.00,0.00,0.00,0.00,-0.19,-0.19,-68.64,0.00,-0.19,-0.018,-0.018
365,박지훈,20두1B,-0.019,1,0,8.0,9,8,1,0,1.000,10.13,-0.18,0.00,0.00,0.00,0.02,-0.16,-24.64,-0.04,-0.20,-0.015,-0.019
366,배재환,20NP,-0.020,3,0,43.0,8,4,4,0,1.000,1.67,0.08,0.00,-0.13,-0.24,0.09,-0.21,-5.79,0.00,-0.21,-0.020,-0.020
367,하재훈,20SP,-0.020,2,0,13.0,4,1,3,0,1.000,2.77,0.02,0.00,-0.26,0.01,0.03,-0.21,-19.32,0.00,-0.21,-0.020,-0.020
368,샘슨,20롯P,-0.020,2,25,130.0,38,4,29,5,.868,2.29,0.44,0.00,0.00,0.09,-0.74,-0.21,-1.94,0.00,-0.21,-0.020,-0.020
369,고장혁,20K3B,-0.021,1,3,30.0,14,4,10,0,1.000,4.20,-0.37,0.00,0.00,0.00,0.09,-0.28,-11.11,0.05,-0.22,-0.027,-0.021
370,박준표,20KP,-0.021,3,0,51.2,11,6,4,1,.909,1.74,-0.16,0.00,0.00,0.03,-0.10,-0.23,-5.27,0.00,-0.23,-0.021,-0.021
371,박준혁,20KRF,-0.023,1,0,12.0,3,3,0,0,1.000,2.25,0.06,-0.24,0.00,0.00,0.01,-0.18,-17.77,-0.07,-0.24,-0.017,-0.023
372,이도윤,20한2B,-0.024,1,6,66.0,25,8,17,0,1.000,3.41,-0.64,0.00,0.00,0.00,0.17,-0.47,-8.50,0.22,-0.25,-0.044,-0.024
373,장진혁,20한RF,-0.024,2,7,83.0,20,18,2,0,1.000,2.17,-1.05,0.98,0.00,0.00,0.05,-0.02,-0.30,-0.23,-0.25,-0.002,-0.024
374,박명현,20롯P,-0.024,1,0,0.2,0,0,0,0,,0.00,-0.00,0.00,-0.26,0.00,0.00,-0.26,-469.54,0.00,-0.26,-0.024,-0.024
375,전민수,20LRF,-0.024,1,1,8.0,2,1,0,1,.500,1.13,-0.08,0.06,0.00,0.00,-0.20,-0.22,-32.19,-0.04,-0.26,-0.020,-0.024
376,정주후,20K2B,-0.025,1,0,7.0,3,2,0,1,.667,2.57,-0.09,0.00,0.00,0.00,-0.18,-0.28,-47.03,0.01,-0.26,-0.026,-0.025
377,장민재,20한P,-0.025,2,10,57.1,13,4,6,3,.769,1.57,0.45,0.00,-0.13,-0.10,-0.49,-0.27,-5.58,0.00,-0.27,-0.025,-0.025
378,양현종,20KP,-0.025,2,31,172.1,23,2,19,2,.913,1.10,-0.33,0.00,0.00,0.11,-0.06,-0.27,-1.86,0.00,-0.27,-0.025,-0.025
379,김택형,20SP,-0.026,3,0,23.0,2,0,2,0,1.000,0.78,0.06,0.00,-0.13,-0.25,0.05,-0.28,-14.38,0.00,-0.28,-0.026,-0.026
380,플렉센,20두P,-0.026,2,21,116.2,12,4,8,0,1.000,0.93,-0.59,0.00,0.00,0.08,0.23,-0.28,-2.85,0.00,-0.28,-0.026,-0.026
381,최승준,20한1B,-0.026,1,0,5.0,3,3,0,0,1.000,5.40,-0.25,0.00,0.00,0.00,0.01,-0.24,-57.03,-0.05,-0.28,-0.022,-0.026
382,김유영,20롯P,-0.027,1,0,7.1,2,0,2,0,1.000,2.46,-0.11,0.00,0.00,-0.20,0.01,-0.29,-47.58,0.00,-0.29,-0.027,-0.027
383,홍상삼,20KP,-0.029,2,0,48.0,5,1,4,0,1.000,0.94,-0.31,0.00,0.00,-0.10,0.10,-0.31,-7.81,0.00,-0.31,-0.029,-0.029
384,배민서,20NP,-0.030,1,0,13.1,3,2,1,0,1.000,2.03,-0.35,0.00,0.00,0.01,0.03,-0.32,-28.67,0.00,-0.32,-0.030,-0.030
385,홍정우,20삼P,-0.032,3,0,30.0,3,1,2,0,1.000,0.90,-0.29,0.00,-0.13,0.02,0.06,-0.34,-13.67,0.00,-0.34,-0.032,-0.032
386,김정인,20키P,-0.032,1,0,1.0,0,0,0,0,,0.00,-0.35,0.00,0.00,0.00,0.00,-0.35,-415.69,0.00,-0.35,-0.032,-0.032
387,김대현,20LP,-0.032,3,0,32.1,8,2,5,1,.875,1.95,-0.10,0.00,0.00,-0.11,-0.14,-0.34,-12.77,0.00,-0.34,-0.032,-0.032
388,윤정현,20키P,-0.033,3,4,27.1,6,3,2,1,.833,1.65,-0.23,0.00,0.00,0.02,-0.15,-0.35,-15.46,0.00,-0.35,-0.033,-0.033
389,진해수,20LP,-0.033,3,0,50.0,10,3,7,0,1.000,1.80,-0.09,0.00,0.00,-0.37,0.10,-0.35,-8.49,0.00,-0.35,-0.033,-0.033
390,김상수,20키P,-0.034,2,0,51.1,8,3,4,1,.875,1.23,-0.17,0.00,-0.13,0.03,-0.10,-0.36,-8.43,0.00,-0.36,-0.034,-0.034
391,김명찬,20KP,-0.036,2,0,8.2,2,0,1,1,.500,1.04,0.06,0.00,0.00,-0.26,-0.18,-0.38,-52.62,0.00,-0.38,-0.036,-0.036
392,이영준,20키P,-0.036,3,0,40.0,7,3,4,0,1.000,1.58,-0.23,0.00,-0.26,0.03,0.08,-0.39,-11.59,0.00,-0.39,-0.036,-0.036
393,오원석,20SP,-0.037,1,1,9.2,0,0,0,0,,0.00,-0.42,0.00,0.00,0.01,0.02,-0.39,-48.44,0.00,-0.39,-0.037,-0.037
394,손동현,20KP,-0.038,2,0,20.1,4,2,1,1,.750,1.33,-0.26,0.00,0.00,0.01,-0.16,-0.40,-23.66,0.00,-0.40,-0.038,-0.038
395,이승헌,20NP,-0.038,1,0,2.0,0,0,0,0,,0.00,-0.42,0.00,0.00,0.00,0.00,-0.41,-246.34,0.00,-0.41,-0.038,-0.038
396,박진형,20롯P,-0.039,2,0,42.2,8,4,4,0,1.000,1.69,-0.13,0.00,-0.26,-0.11,0.09,-0.42,-11.66,0.00,-0.42,-0.039,-0.039
397,임정호,20NP,-0.040,3,0,41.0,1,0,1,0,1.000,0.22,-0.53,0.00,0.00,0.03,0.08,-0.42,-12.28,0.00,-0.42,-0.040,-0.040
398,고우석,20LP,-0.040,2,0,41.2,8,4,3,1,.875,1.51,-0.34,0.00,0.00,0.03,-0.12,-0.43,-12.21,0.00,-0.43,-0.040,-0.040
399,강동연,20NP,-0.040,2,0,24.0,3,0,2,1,.667,0.75,-0.29,0.00,0.00,0.02,-0.15,-0.43,-21.39,0.00,-0.43,-0.040,-0.040
400,이상호,20N2B,-0.041,4,9,206.1,130,96,33,1,.992,5.63,-0.35,0.00,0.00,0.00,0.27,-0.08,-0.44,-0.35,-0.43,-0.007,-0.041
401,이승현,20삼P,-0.041,2,0,54.1,7,3,4,0,1.000,1.16,-0.45,0.00,-0.13,0.04,0.11,-0.44,-9.60,0.00,-0.44,-0.041,-0.041
402,김규민,20키LF,-0.042,3,24,238.0,74,70,3,1,.987,2.76,0.19,0.74,0.00,0.00,-0.06,0.87,4.37,-1.30,-0.44,0.083,-0.042
403,정현,20SSS,-0.042,3,32,358.0,183,54,122,7,.962,4.43,-1.85,0.00,0.00,0.00,-0.33,-2.18,-7.30,1.74,-0.44,-0.207,-0.042
404,박주홍,20키LF,-0.042,1,3,23.0,7,6,0,1,.857,2.35,0.30,-0.43,0.00,0.00,-0.19,-0.32,-16.44,-0.12,-0.44,-0.030,-0.042
405,양성우,20한LF,-0.042,1,3,25.0,1,1,0,0,1.000,0.36,-0.34,0.02,0.00,0.00,0.01,-0.31,-14.71,-0.14,-0.44,-0.029,-0.042
406,권혁,20두P,-0.044,2,0,7.2,0,0,0,0,,0.00,-0.35,0.00,0.00,-0.13,0.02,-0.46,-72.38,0.00,-0.46,-0.044,-0.044
407,브룩스,20KP,-0.044,2,23,151.1,40,13,25,2,.950,2.26,-0.47,0.00,0.00,0.10,-0.10,-0.47,-3.70,0.00,-0.47,-0.044,-0.044
408,최성훈,20LP,-0.044,2,0,33.1,7,0,7,0,1.000,1.89,-0.43,0.00,0.00,-0.11,0.07,-0.47,-16.93,0.00,-0.47,-0.044,-0.044
409,쿠에바스,20KP,-0.045,2,27,158.0,29,9,18,2,.931,1.54,-0.50,0.00,0.00,0.10,-0.08,-0.48,-3.61,0.00,-0.48,-0.045,-0.045
410,김민하,20한RF,-0.045,2,15,164.2,68,65,1,2,.971,3.61,1.36,-0.68,0.00,0.00,-0.28,0.39,2.85,-0.87,-0.48,0.037,-0.045
411,박주홍,20한P,-0.046,2,5,24.2,2,0,1,1,.500,0.37,-0.35,0.00,0.00,0.02,-0.15,-0.49,-23.65,0.00,-0.49,-0.046,-0.046
412,김진영,20한P,-0.046,3,0,54.0,9,2,7,0,1.000,1.50,-0.10,0.00,-0.26,-0.23,0.11,-0.49,-10.91,0.00,-0.49,-0.046,-0.046
413,김정빈,20SP,-0.047,3,0,47.1,3,0,3,0,1.000,0.57,-0.29,0.00,0.00,-0.30,0.09,-0.50,-12.57,0.00,-0.50,-0.047,-0.047
414,이준영,20KP,-0.047,3,0,23.2,6,1,5,0,1.000,2.28,-0.16,0.00,-0.13,-0.25,0.05,-0.50,-25.17,0.00,-0.50,-0.047,-0.047
415,최형우,20KLF,-0.047,1,1,8.0,2,2,0,0,1.000,2.25,-0.21,-0.27,0.00,0.00,0.00,-0.47,-69.84,-0.04,-0.51,-0.043,-0.047
416,채현우,20SLF,-0.047,1,4,44.2,12,11,1,0,1.000,2.42,-0.62,0.29,0.00,0.00,0.02,-0.31,-8.37,-0.18,-0.50,-0.030,-0.047
417,김세현,20SP,-0.050,2,0,42.0,5,0,4,1,.800,0.86,-0.30,0.00,0.00,-0.11,-0.12,-0.53,-15.03,0.00,-0.53,-0.050,-0.050
418,오준혁,20SLF,-0.050,2,27,196.2,43,43,0,0,1.000,1.97,1.20,-0.77,0.00,0.00,0.11,0.54,3.31,-1.07,-0.52,0.051,-0.050
419,최동환,20LP,-0.051,3,0,57.0,7,3,2,2,.714,0.79,-0.29,0.00,0.00,0.04,-0.29,-0.54,-11.36,0.00,-0.54,-0.051,-0.051
420,강지광,20SP,-0.051,1,0,3.2,2,0,1,1,.500,2.46,-0.35,0.00,0.00,0.00,-0.19,-0.55,-177.92,0.00,-0.55,-0.051,-0.051
421,김수환,20키1B,-0.052,1,1,21.0,25,23,2,0,1.000,10.71,-0.39,0.00,0.00,0.00,0.03,-0.35,-20.15,-0.19,-0.54,-0.034,-0.052
422,류효승,20S1B,-0.052,1,0,8.0,4,4,0,0,1.000,4.50,-0.49,0.00,0.00,0.00,0.01,-0.48,-71.77,-0.07,-0.55,-0.045,-0.052
423,채태인,20S1B,-0.052,1,11,75.1,71,69,2,0,1.000,8.48,0.01,0.00,0.00,0.00,0.12,0.13,2.08,-0.69,-0.56,0.012,-0.052
424,조수행,20두RF,-0.054,1,8,132.2,31,30,0,1,.968,2.04,-0.02,0.16,0.00,0.00,-0.12,0.02,0.14,-0.58,-0.57,0.001,-0.054
425,남태혁,20S1B,-0.054,2,5,52.0,55,53,2,0,1.000,9.52,-0.18,0.00,0.00,0.00,0.08,-0.10,-2.30,-0.47,-0.57,-0.010,-0.054
426,조상우,20키P,-0.054,3,0,54.1,4,2,2,0,1.000,0.66,-0.33,0.00,-0.39,0.04,0.11,-0.58,-12.73,0.00,-0.58,-0.054,-0.054
427,강로한,20롯CF,-0.055,2,4,49.0,9,8,0,1,.889,1.47,-0.34,-0.05,0.00,0.00,-0.18,-0.56,-13.65,-0.02,-0.58,-0.053,-0.055
428,신재영,20키P,-0.057,2,0,5.0,2,1,0,1,.500,1.80,-0.42,0.00,0.00,0.00,-0.19,-0.60,-144.51,0.00,-0.60,-0.057,-0.057
429,안권수,20두LF,-0.057,2,0,140.2,40,39,1,0,1.000,2.56,-0.90,0.79,0.00,0.00,0.08,-0.03,-0.26,-0.58,-0.61,-0.003,-0.057
430,김진욱,20한P,-0.058,1,6,44.2,9,3,6,0,1.000,1.81,-0.60,0.00,-0.13,0.03,0.09,-0.61,-16.45,0.00,-0.61,-0.058,-0.058
431,고영창,20KP,-0.061,2,0,58.0,10,2,7,1,.900,1.40,-0.47,0.00,-0.13,0.04,-0.08,-0.64,-13.28,0.00,-0.64,-0.061,-0.061
432,추재현,20롯CF,-0.061,1,6,48.1,15,15,0,0,1.000,2.79,-0.23,-0.39,0.00,0.00,0.03,-0.60,-14.80,-0.04,-0.64,-0.057,-0.061
433,황영국,20한P,-0.062,1,0,19.1,4,2,2,0,1.000,1.86,-0.11,0.00,-0.13,-0.46,0.04,-0.66,-40.93,0.00,-0.66,-0.062,-0.062
434,이동훈,20한CF,-0.062,2,5,87.1,25,25,0,0,1.000,2.58,-0.11,-0.52,0.00,0.00,0.04,-0.59,-8.07,-0.07,-0.65,-0.056,-0.062
435,김성표,20삼CF,-0.063,2,1,26.0,7,7,0,0,1.000,2.42,-0.22,-0.43,0.00,0.00,0.01,-0.64,-29.41,-0.03,-0.66,-0.060,-0.063
436,권오준,20삼P,-0.063,3,0,16.0,0,0,0,0,,0.00,-0.45,0.00,-0.26,0.01,0.03,-0.67,-50.31,0.00,-0.67,-0.063,-0.063
437,이재원,20LRF,-0.064,1,5,46.0,11,10,0,1,.909,1.96,0.15,-0.40,0.00,0.00,-0.17,-0.43,-11.09,-0.24,-0.67,-0.041,-0.064
438,김태훈,20SP,-0.065,2,8,62.0,6,1,3,2,.667,0.58,-0.33,0.00,0.00,-0.09,-0.28,-0.69,-13.41,0.00,-0.69,-0.065,-0.065
439,김민준,20SLF,-0.068,1,0,18.1,3,3,0,0,1.000,1.47,-0.27,-0.36,0.00,0.00,0.01,-0.62,-40.68,-0.09,-0.72,-0.059,-0.068
440,최정용,20K2B,-0.068,3,10,127.1,68,26,40,2,.971,4.67,-0.87,0.00,0.00,0.00,-0.08,-0.95,-8.91,0.23,-0.72,-0.090,-0.068
441,김경호,20SLF,-0.069,2,20,228.0,50,49,1,0,1.000,1.97,0.27,-0.13,0.00,0.00,0.13,0.26,1.36,-0.98,-0.72,0.025,-0.069
442,남재현,20KP,-0.070,1,0,15.2,2,1,0,1,.500,0.57,-0.59,0.00,0.00,0.01,-0.17,-0.75,-57.32,0.00,-0.75,-0.070,-0.070
443,김태진,20N3B,-0.071,0,1,18.0,3,3,0,0,1.000,1.50,-0.71,0.01,0.00,0.00,0.01,-0.69,-45.74,-0.08,-0.77,-0.064,-0.071
444,정해영,20KP,-0.072,2,0,37.2,5,1,3,1,.800,0.96,-0.40,0.00,-0.26,0.02,-0.12,-0.76,-24.19,0.00,-0.76,-0.072,-0.072
445,이현승,20두P,-0.072,2,0,42.1,3,1,2,0,1.000,0.64,-0.68,0.00,0.00,-0.17,0.08,-0.77,-21.76,0.00,-0.77,-0.072,-0.072
446,유서준,20SSS,-0.074,1,2,48.1,27,10,15,2,.926,4.66,-0.72,0.08,0.00,0.00,-0.28,-0.91,-22.62,0.13,-0.79,-0.086,-0.074
447,김회성,20한1B,-0.077,2,5,68.0,41,35,4,2,.951,5.16,-0.27,0.00,0.00,0.00,-0.25,-0.52,-9.15,-0.29,-0.81,-0.049,-0.077
448,박건우,20두RF,-0.077,3,123,963.0,242,233,7,2,.992,2.24,2.72,1.13,0.00,0.00,0.17,4.02,5.00,-4.85,-0.83,0.375,-0.077
449,양승철,20KP,-0.078,1,1,28.2,4,2,1,1,.750,0.94,-0.70,0.00,0.00,0.02,-0.14,-0.83,-34.59,0.00,-0.83,-0.078,-0.078
450,이진영,20KRF,-0.080,2,1,33.0,14,13,0,1,.929,3.55,0.52,-1.01,0.00,0.00,-0.18,-0.67,-24.38,-0.18,-0.85,-0.063,-0.080
451,윤석민,20S3B,-0.081,2,12,115.0,55,40,13,2,.964,4.15,-0.54,0.00,0.00,0.00,-0.10,-0.65,-6.72,-0.20,-0.85,-0.062,-0.081
452,김진성,20NP,-0.082,1,0,47.1,9,1,6,2,.778,1.33,-0.60,0.00,0.00,0.03,-0.31,-0.87,-22.09,0.00,-0.87,-0.082,-0.082
453,최정민,20K2B,-0.085,3,1,17.1,7,2,4,1,.857,3.12,-0.76,0.00,0.00,0.00,-0.16,-0.91,-63.18,0.02,-0.90,-0.086,-0.085
454,라이트,20NP,-0.086,3,29,157.2,16,9,7,0,1.000,0.91,-1.34,0.00,0.00,0.10,0.32,-0.92,-6.95,0.00,-0.92,-0.086,-0.086
455,김주찬,20K1B,-0.086,1,4,38.0,40,39,1,0,1.000,9.47,-0.63,0.00,0.00,0.00,0.06,-0.57,-18.03,-0.35,-0.92,-0.054,-0.086
456,전상현,20KP,-0.086,2,0,47.2,7,2,3,2,.714,0.94,-0.65,0.00,0.00,0.03,-0.30,-0.92,-23.07,0.00,-0.92,-0.086,-0.086
457,김민우,20한P,-0.088,2,25,132.2,14,5,8,1,.929,0.88,-1.09,0.00,0.00,0.09,0.07,-0.94,-8.48,0.00,-0.94,-0.088,-0.088
458,강경학,20한2B,-0.090,1,56,458.2,290,157,127,6,.979,5.57,-0.94,-0.01,0.00,0.00,-0.15,-1.10,-2.88,0.15,-0.96,-0.104,-0.090
459,정진기,20SRF,-0.091,3,31,280.0,82,78,0,4,.951,2.51,2.34,-1.49,0.00,0.00,-0.64,0.22,0.93,-1.17,-0.96,0.021,-0.091
460,원종현,20NP,-0.092,3,0,57.0,12,4,7,1,.917,1.74,-0.93,0.00,0.00,0.04,-0.09,-0.98,-20.48,0.00,-0.98,-0.092,-0.092
461,김지수,20한LF,-0.094,1,7,61.0,20,17,2,1,.950,2.80,-1.18,0.51,0.00,0.00,-0.17,-0.84,-16.41,-0.15,-0.99,-0.079,-0.094
462,최인호,20한LF,-0.095,1,33,266.2,71,67,4,0,1.000,2.40,-1.08,1.38,0.00,0.00,0.16,0.46,2.05,-1.44,-0.99,0.044,-0.095
463,최영진,20삼3B,-0.098,3,20,245.2,130,96,31,3,.977,4.65,-0.51,-0.06,0.00,0.00,0.01,-0.55,-2.68,-0.49,-1.04,-0.052,-0.098
464,김기훈,20KP,-0.098,1,7,52.0,7,1,4,2,.714,0.87,-0.79,0.00,0.00,0.03,-0.30,-1.05,-24.11,0.00,-1.05,-0.098,-0.098
465,박준영,20NSS,-0.099,1,9,104.0,33,13,18,2,.939,2.68,-1.48,0.00,0.00,0.00,-0.09,-1.57,-18.09,0.53,-1.04,-0.149,-0.099
466,페르난데스,20두1B,-0.100,2,24,191.2,181,170,10,1,.995,8.45,0.59,0.00,0.00,0.00,0.10,0.69,4.32,-1.78,-1.08,0.064,-0.100
467,하주석,20한SS,-0.103,2,67,558.0,246,89,148,9,.963,3.82,-4.01,0.00,0.00,0.00,-0.12,-4.13,-8.86,3.04,-1.09,-0.390,-0.103
468,이현호,20한P,-0.103,2,0,15.1,2,0,1,1,.500,0.59,-0.80,0.00,0.00,-0.12,-0.17,-1.10,-85.70,0.00,-1.10,-0.103,-0.103
469,장지훈,20삼P,-0.103,2,0,27.2,4,1,1,2,.500,0.65,-0.77,0.00,0.00,0.02,-0.34,-1.10,-47.51,0.00,-1.10,-0.103,-0.103
470,박진우,20NP,-0.107,4,1,43.0,11,2,7,2,.818,1.88,-0.85,0.00,0.00,0.03,-0.31,-1.13,-31.57,0.00,-1.13,-0.107,-0.107
471,이성열,20한1B,-0.108,2,5,37.0,35,33,1,1,.971,8.27,-0.66,0.00,0.00,0.00,-0.14,-0.80,-25.81,-0.33,-1.13,-0.076,-0.108
472,고효준,20롯P,-0.108,2,0,15.2,4,2,2,0,1.000,2.30,-1.06,0.00,0.00,-0.12,0.03,-1.15,-87.86,0.00,-1.15,-0.108,-0.108
473,나주환,20K3B,-0.108,2,58,500.0,160,47,104,9,.944,2.72,-1.63,0.00,0.00,0.00,-0.29,-1.91,-4.58,0.77,-1.15,-0.181,-0.108
474,정의윤,20SLF,-0.110,2,22,174.0,44,43,1,0,1.000,2.28,-0.10,-0.21,0.00,0.00,0.10,-0.21,-1.45,-0.94,-1.15,-0.020,-0.110
475,김재현,20삼SS,-0.110,2,1,63.0,28,12,15,1,.964,3.86,-1.40,0.00,0.00,0.00,-0.02,-1.42,-26.97,0.25,-1.17,-0.134,-0.110
476,노수광,20S한CF,-0.111,2,61,552.0,164,155,5,4,.976,2.61,0.06,-0.05,0.00,0.00,-0.51,-0.50,-1.09,-0.67,-1.17,-0.048,-0.111
477,천성호,20K2B,-0.112,2,15,182.1,85,27,55,3,.965,4.05,-1.42,0.00,0.00,0.00,-0.12,-1.54,-10.12,0.36,-1.18,-0.146,-0.112
478,오선우,20KRF,-0.112,1,9,111.0,22,21,1,0,1.000,1.78,-1.02,0.37,0.00,0.00,0.07,-0.58,-6.27,-0.61,-1.19,-0.055,-0.112
479,김종수,20한P,-0.116,2,0,50.0,13,4,7,2,.846,1.98,-0.56,0.00,-0.13,-0.24,-0.30,-1.23,-29.43,0.00,-1.23,-0.116,-0.116
480,오태곤,20KSLF,-0.117,3,32,308.2,111,106,5,0,1.000,3.24,0.02,0.37,0.00,0.00,0.22,0.61,2.36,-1.85,-1.24,0.057,-0.117
481,송명기,20NP,-0.118,3,12,87.2,12,2,8,2,.833,1.03,-1.08,0.00,0.00,0.06,-0.22,-1.25,-17.05,0.00,-1.25,-0.118,-0.118
482,이민우,20KP,-0.123,2,22,106.0,22,5,13,4,.818,1.53,-0.80,0.00,0.00,0.07,-0.59,-1.31,-14.84,0.00,-1.31,-0.123,-0.123
483,정기훈,20한3B,-0.125,1,6,66.2,22,10,10,2,.909,2.70,-1.24,0.00,0.00,0.00,-0.22,-1.46,-26.26,0.14,-1.33,-0.138,-0.125
484,황대인,20K1B,-0.128,3,28,260.1,297,275,18,4,.987,10.13,1.40,0.00,0.00,0.00,-0.39,1.01,4.65,-2.37,-1.36,0.095,-0.128
485,이인복,20롯P,-0.130,2,1,45.1,6,1,4,1,.833,0.99,-0.90,0.00,-0.39,0.03,-0.11,-1.38,-36.33,0.00,-1.38,-0.130,-0.130
486,오태곤,20SLF,-0.130,0,23,172.0,56,39,15,2,.964,2.83,-0.65,-0.37,0.00,0.00,-0.10,-1.11,-7.73,-0.28,-1.40,-0.103,-0.130
487,정진호,20한LF,-0.132,3,69,623.1,164,158,5,1,.994,2.35,0.52,1.00,0.00,0.00,0.15,1.67,3.21,-3.06,-1.39,0.158,-0.132
488,이승진,20두P,-0.132,1,5,51.1,8,2,4,2,.750,1.05,-1.14,0.00,0.00,0.03,-0.30,-1.40,-32.70,0.00,-1.40,-0.132,-0.132
489,김창평,20S2B,-0.134,2,23,208.1,111,39,69,3,.973,4.67,-1.67,0.00,0.00,0.00,-0.12,-1.79,-10.28,0.38,-1.41,-0.169,-0.134
490,허일,20롯LF,-0.136,2,11,154.0,33,33,0,0,1.000,1.93,0.13,-0.90,0.00,0.00,0.09,-0.68,-5.32,-0.74,-1.43,-0.065,-0.136
491,박준태,20키CF,-0.136,3,112,965.1,258,247,6,5,.981,2.36,-0.27,-0.00,0.00,0.00,-0.50,-0.77,-0.96,-0.67,-1.44,-0.073,-0.136
492,주권,20KP,-0.148,3,0,70.0,9,2,5,2,.778,0.90,-1.36,0.00,0.00,0.05,-0.26,-1.57,-26.83,0.00,-1.57,-0.148,-0.148
493,최채흥,20삼P,-0.148,2,26,146.0,35,8,20,7,.800,1.73,-0.57,0.00,0.00,0.10,-1.11,-1.58,-12.96,0.00,-1.58,-0.148,-0.148
494,류지혁,20두3B,-0.151,2,3,54.1,25,11,12,2,.920,3.81,-1.53,0.00,0.00,0.00,-0.25,-1.78,-39.24,0.16,-1.62,-0.166,-0.151
495,송우현,20키RF,-0.151,1,4,39.2,8,8,0,0,1.000,1.82,-1.08,-0.32,0.00,0.00,0.02,-1.38,-41.75,-0.22,-1.60,-0.131,-0.151
496,김민,20KP,-0.156,2,6,42.2,2,0,1,1,.500,0.21,-1.43,0.00,0.00,-0.11,-0.11,-1.65,-46.34,0.00,-1.65,-0.156,-0.156
497,박치국,20두P,-0.158,2,0,71.2,14,3,9,2,.857,1.51,-1.33,0.00,-0.13,0.05,-0.26,-1.68,-27.98,0.00,-1.68,-0.158,-0.158
498,이승호,20키P,-0.158,3,23,118.2,24,8,15,1,.958,1.74,-1.81,0.00,0.00,0.08,0.04,-1.69,-17.04,0.00,-1.69,-0.158,-0.158
499,김동엽,20삼LF,-0.163,2,27,231.0,68,64,2,2,.971,2.57,0.14,-0.34,0.00,0.00,-0.27,-0.47,-2.44,-1.27,-1.74,-0.044,-0.163
500,노태형,20한2B,-0.165,3,28,248.2,156,98,53,5,.968,5.47,-1.02,0.00,0.00,0.00,-0.44,-1.46,-7.01,-0.28,-1.74,-0.138,-0.165
501,손호영,20L3B,-0.169,2,8,73.0,17,5,10,2,.882,1.85,-1.73,0.00,0.00,0.00,-0.18,-1.92,-31.45,0.10,-1.81,-0.179,-0.169
502,윤대경,20한P,-0.171,1,0,51.0,8,3,4,1,.875,1.24,-1.62,0.00,-0.13,0.03,-0.10,-1.82,-42.66,0.00,-1.82,-0.171,-0.171
503,유한준,20KRF,-0.173,2,17,129.2,28,27,1,0,1.000,1.94,-1.26,0.05,0.00,0.00,0.08,-1.13,-10.43,-0.71,-1.84,-0.106,-0.173
504,김성민,20SSS,-0.174,1,1,27.0,10,3,5,2,.800,2.67,-1.73,0.00,0.00,0.00,-0.32,-2.05,-90.67,0.15,-1.89,-0.188,-0.174
505,강한울,20삼SS,-0.175,1,28,243.1,91,28,61,2,.978,3.29,-3.26,0.00,0.00,0.00,0.32,-2.94,-14.45,1.07,-1.87,-0.275,-0.175
506,모터,20키3B,-0.188,1,10,82.0,27,11,14,2,.926,2.74,-1.44,-0.34,0.00,0.00,-0.19,-1.97,-28.71,0.03,-1.94,-0.191,-0.188
507,정주현,20L2B,-0.189,3,111,896.0,542,211,321,10,.982,5.34,-3.69,0.00,0.00,0.00,0.07,-3.62,-4.83,1.62,-2.00,-0.343,-0.189
508,이천웅,20LCF,-0.190,3,76,653.2,155,152,2,1,.994,2.12,-1.29,-1.78,0.00,0.00,0.12,-2.95,-5.40,0.94,-2.01,-0.279,-0.190
509,조한민,20한SS,-0.196,2,16,120.2,54,19,30,5,.907,3.66,-2.08,0.00,0.00,0.00,-0.64,-2.72,-27.01,0.65,-2.08,-0.257,-0.196
510,나성범,20NRF,-0.200,4,45,379.2,89,87,2,0,1.000,2.11,-0.70,0.42,0.00,0.00,0.23,-0.06,-0.17,-2.12,-2.18,-0.005,-0.200
511,이우성,20KLF,-0.201,3,8,101.0,16,16,0,0,1.000,1.43,-1.33,-0.43,0.00,0.00,0.06,-1.71,-20.27,-0.42,-2.13,-0.162,-0.201
512,김호령,20KCF,-0.204,2,33,361.2,93,88,3,2,.979,2.27,-4.28,1.69,0.00,0.00,-0.22,-2.82,-9.33,0.66,-2.16,-0.266,-0.204
513,김태균,20한1B,-0.205,3,51,402.0,373,352,21,0,1.000,8.35,0.82,0.00,0.00,0.00,0.64,1.46,4.35,-3.61,-2.15,0.139,-0.205
514,이원재,20N1B,-0.206,3,30,283.1,255,237,17,1,.996,8.07,0.13,0.00,0.00,0.00,0.25,0.38,1.62,-2.56,-2.18,0.036,-0.206
515,김상수,20삼2B,-0.207,2,101,817.1,471,215,249,7,.985,5.11,-4.21,0.00,0.00,0.00,0.49,-3.72,-5.45,1.50,-2.22,-0.347,-0.207
516,이성규,20삼1B,-0.217,2,53,539.1,441,379,54,8,.982,7.23,2.04,-0.00,0.00,0.00,-0.60,1.44,3.19,-3.71,-2.27,0.137,-0.217
517,김민혁,20KLF,-0.217,3,49,399.0,106,101,1,4,.962,2.30,1.37,-0.96,0.00,0.00,-0.58,-0.17,-0.50,-2.13,-2.29,-0.016,-0.217
518,강민국,20K2B,-0.220,3,35,315.2,148,64,79,5,.966,4.08,-3.07,0.00,0.00,0.00,-0.15,-3.22,-12.23,0.90,-2.32,-0.306,-0.220
519,모창민,20N1B,-0.226,3,18,147.2,134,121,11,2,.985,8.05,-0.90,0.00,0.00,0.00,-0.17,-1.07,-8.64,-1.33,-2.40,-0.100,-0.226
520,김민수,20KP,-0.234,3,18,103.1,12,8,3,1,.917,0.96,-2.42,0.00,0.00,-0.07,0.01,-2.48,-28.73,0.00,-2.48,-0.234,-0.234
521,로하스,20KRF,-0.236,3,106,890.0,230,219,7,4,.983,2.29,3.18,-0.49,0.00,0.00,-0.27,2.43,3.26,-5.01,-2.59,0.222,-0.236
522,임종찬,20한RF,-0.238,1,32,266.1,64,61,3,0,1.000,2.16,-1.26,0.02,0.00,0.00,0.16,-1.08,-4.84,-1.43,-2.50,-0.102,-0.238
523,최준우,20S2B,-0.239,3,52,441.1,255,104,143,8,.969,5.04,-2.74,0.00,0.00,0.00,-0.57,-3.31,-8.99,0.80,-2.52,-0.315,-0.239
524,이성곤,20삼1B,-0.244,3,18,165.2,131,119,10,2,.985,7.01,-2.02,0.95,0.00,0.00,-0.18,-1.25,-9.01,-1.34,-2.59,-0.117,-0.244
525,이대호,20롯1B,-0.254,2,53,443.1,500,460,38,2,.996,10.11,1.04,0.00,0.00,0.00,0.30,1.34,3.62,-4.03,-2.69,0.126,-0.254
526,이창진,20KCF,-0.260,1,21,178.2,32,30,2,0,1.000,1.61,-4.07,0.85,0.00,0.00,0.09,-3.14,-21.01,0.32,-2.81,-0.290,-0.260
527,이명기,20NLF,-0.262,3,107,875.0,192,186,5,1,.995,1.97,-0.30,1.87,0.00,0.00,0.29,1.86,2.54,-4.64,-2.78,0.175,-0.262
528,박한결,20한SS,-0.268,2,5,59.1,27,8,17,2,.926,3.79,-2.94,0.00,0.00,0.00,-0.22,-3.16,-63.85,0.32,-2.84,-0.298,-0.268
529,장영석,20K3B,-0.269,2,10,84.0,43,29,11,3,.930,4.29,-2.32,0.00,0.00,0.00,-0.38,-2.70,-38.43,-0.13,-2.83,-0.257,-0.269
530,장운호,20한RF,-0.273,2,4,59.1,12,12,0,0,1.000,1.82,-2.28,-0.38,0.00,0.00,0.03,-2.63,-53.01,-0.27,-2.89,-0.248,-0.273
531,라모스,20L1B,-0.282,3,103,827.1,862,799,57,6,.993,9.31,4.51,0.00,0.00,0.00,0.11,4.61,6.67,-7.66,-3.05,0.427,-0.282
532,호잉,20한RF,-0.288,2,33,278.0,73,71,2,0,1.000,2.36,-1.44,-0.24,0.00,0.00,0.17,-1.51,-6.51,-1.49,-3.00,-0.145,-0.288
533,박계범,20삼SS,-0.291,3,44,401.1,163,58,98,7,.957,3.50,-4.33,0.00,0.00,0.00,-0.19,-4.53,-13.51,1.47,-3.06,-0.432,-0.291
534,김문호,20한1B,-0.294,2,10,81.0,58,53,5,0,1.000,6.44,-2.07,-0.53,0.00,0.00,0.10,-2.50,-37.01,-0.64,-3.14,-0.235,-0.294
535,최진행,20한LF,-0.296,1,19,146.0,33,32,0,1,.970,1.97,-1.22,-1.00,0.00,0.00,-0.12,-2.33,-19.14,-0.79,-3.13,-0.221,-0.296
536,최주환,20두2B,-0.302,3,135,1059.0,582,285,287,10,.983,4.86,-4.52,0.00,0.00,0.00,0.48,-4.04,-4.56,0.80,-3.24,-0.376,-0.302
537,박찬도,20삼LF,-0.310,2,28,263.0,65,64,1,0,1.000,2.22,-1.78,-0.34,0.00,0.00,0.15,-1.97,-8.99,-1.30,-3.27,-0.187,-0.310
538,박정음,20키CF,-0.316,3,7,171.2,44,44,0,0,1.000,2.31,-2.10,-1.36,0.00,0.00,0.09,-3.38,-23.54,0.01,-3.36,-0.318,-0.316
539,안치홍,20롯2B,-0.325,2,106,919.1,507,185,308,14,.972,4.83,-4.39,0.00,0.00,0.00,-0.68,-5.07,-6.60,1.61,-3.46,-0.476,-0.325
540,이형종,20LRF,-0.327,1,61,534.0,124,119,1,4,.968,2.02,1.74,-1.94,0.00,0.00,-0.49,-0.69,-1.54,-2.84,-3.53,-0.064,-0.327
541,이병규,20롯1B,-0.365,1,32,236.2,235,223,10,2,.992,8.86,-1.71,0.00,0.00,0.00,-0.03,-1.74,-8.78,-2.18,-3.91,-0.162,-0.365
542,노수광,20한CF,-0.373,0,9,68.0,9,9,0,0,1.000,1.19,-3.76,0.04,0.00,0.00,0.04,-3.68,-64.85,-0.38,-4.07,-0.338,-0.373
543,권민석,20두3B,-0.385,2,11,163.2,58,28,28,2,.966,3.08,-4.46,0.00,0.00,0.00,0.06,-4.39,-32.13,0.30,-4.09,-0.413,-0.385
544,오윤석,20롯2B,-0.385,1,41,361.2,216,140,69,7,.968,5.20,-3.33,0.00,0.00,0.00,-0.58,-3.91,-12.94,-0.22,-4.13,-0.364,-0.385
545,박승욱,20K2B,-0.396,2,27,333.2,227,119,101,7,.969,5.93,-3.72,0.00,0.00,0.00,-0.64,-4.36,-15.64,0.15,-4.21,-0.410,-0.396
546,고종욱,20SLF,-0.401,2,39,302.2,61,59,0,2,.967,1.75,-0.19,-2.18,0.00,0.00,-0.23,-2.59,-10.25,-1.65,-4.24,-0.245,-0.401
547,김현수,20LLF,-0.428,3,110,936.0,257,247,9,1,.996,2.46,-1.64,1.98,0.00,0.00,0.36,0.71,0.90,-5.33,-4.63,0.065,-0.428
548,살라디노,20삼LF,-0.445,2,40,318.0,141,104,32,5,.965,3.85,-2.91,-0.51,0.00,0.00,-0.41,-3.83,-14.41,-0.99,-4.81,-0.354,-0.445
549,국해성,20두RF,-0.446,2,19,166.0,40,38,1,1,.975,2.11,-4.10,0.39,0.00,0.00,-0.10,-3.81,-27.49,-0.92,-4.73,-0.359,-0.446
550,김웅빈,20키1B,-0.465,2,47,416.1,405,367,32,6,.985,8.63,-1.04,0.00,0.00,0.00,-0.49,-1.53,-4.41,-3.42,-4.95,-0.144,-0.465
551,박병호,20키1B,-0.467,3,85,712.2,757,694,57,6,.992,9.48,1.62,0.00,0.00,0.00,-0.07,1.54,2.59,-6.53,-4.98,0.144,-0.467
552,민병헌,20롯CF,-0.519,2,72,686.1,177,175,2,0,1.000,2.32,-4.90,-1.81,0.00,0.00,0.34,-6.37,-11.11,0.91,-5.45,-0.606,-0.519
553,전준우,20롯LF,-0.520,2,136,1154.2,288,274,9,5,.983,2.21,1.03,0.11,0.00,0.00,-0.35,0.79,0.82,-6.34,-5.55,0.074,-0.520
554,팔카,20삼1B,-0.542,1,25,196.0,92,80,10,2,.978,4.13,-3.96,-0.17,0.00,0.00,-0.20,-4.33,-26.47,-1.36,-5.70,-0.412,-0.542
555,강진성,20N1B,-0.584,4,98,825.2,705,656,45,4,.994,7.64,1.06,-0.33,0.00,0.00,0.47,1.20,1.74,-7.42,-6.22,0.113,-0.584
556,정근우,20L2B,-0.624,3,31,253.0,149,59,81,9,.940,4.98,-5.84,0.00,0.00,0.00,-1.22,-7.05,-33.37,0.44,-6.61,-0.665,-0.624
557,강백호,20K1B,-0.648,3,124,1081.0,1143,1057,76,10,.991,9.43,3.31,-0.06,0.00,0.00,-0.31,2.95,3.26,-9.95,-7.00,0.273,-0.648
558,정훈,20롯CF,-0.659,2,91,768.0,473,437,34,2,.996,5.52,-4.43,-0.31,0.00,0.00,0.38,-4.36,-6.80,-2.71,-7.07,-0.407,-0.659
559,김찬형,20NSS,-0.662,4,15,195.2,96,33,53,10,.896,3.96,-6.61,0.00,0.00,0.00,-1.41,-8.03,-49.10,0.94,-7.09,-0.750,-0.662
560,한동민,20SRF,-0.686,2,48,392.0,81,78,1,2,.975,1.81,-6.07,1.03,0.00,0.00,-0.17,-5.20,-15.89,-2.17,-7.37,-0.484,-0.686
561,이원석,20삼3B,-0.859,3,108,823.0,441,350,81,10,.977,4.71,-6.35,0.00,0.00,0.00,-0.05,-6.40,-9.31,-2.74,-9.14,-0.602,-0.859
562,이용규,20한CF,-0.888,3,106,878.1,245,242,0,3,.988,2.48,-4.66,-5.70,0.00,0.00,-0.17,-10.53,-14.35,1.03,-9.50,-0.985,-0.888
563,최원준,20KCF,-0.952,2,88,796.0,216,208,4,4,.982,2.40,-9.42,-1.25,0.00,0.00,-0.39,-11.06,-16.62,0.84,-10.21,-1.031,-0.952
564,허정협,20키LF,-0.975,3,87,732.1,172,163,6,3,.983,2.08,-5.03,-1.11,0.00,0.00,-0.16,-6.29,-10.28,-4.11,-10.40,-0.589,-0.975
565,오재일,20두1B,-1.008,3,110,927.1,872,833,36,3,.997,8.43,-3.16,0.00,0.00,0.00,0.86,-2.29,-2.96,-8.57,-10.86,-0.213,-1.008
566,유민상,20K1B,-1.140,3,107,932.0,889,829,51,9,.990,8.50,-3.29,0.00,0.00,0.00,-0.33,-3.62,-4.64,-8.47,-12.09,-0.341,-1.140
567,손아섭,20롯RF,-1.280,2,123,1056.2,239,234,4,1,.996,2.03,-4.41,-4.00,0.00,0.00,0.43,-7.98,-9.04,-5.89,-13.87,-0.737,-1.280
568,로맥,20S1B,-1.333,3,127,1080.2,1018,950,56,12,.988,8.38,-4.26,0.00,0.00,0.00,-0.63,-4.89,-5.41,-9.52,-14.41,-0.452,-1.333
569,나지완,20KLF,-1.378,2,129,1018.2,210,206,3,1,.995,1.85,-6.28,-3.27,0.00,0.00,0.37,-9.18,-10.78,-5.63,-14.81,-0.854,-1.378
570,김재환,20두LF,-1.462,3,126,1014.2,254,247,5,2,.992,2.24,-8.69,-1.67,0.00,0.00,0.17,-10.18,-12.01,-5.65,-15.84,-0.940,-1.462
571,터커,20KRF,-2.0,2,140,1180.0,252,247,4,1,0.996,1.91,-10.05,-5.63,0.0,0.0,0.5,-15.18,-15.4,-6.62,-21.8,-1.393,-2.0
