순,이름,팀,WAR,출장,완투,완봉,선발,승,패,세,홀드,이닝,실점,자책,타자,안타,2타,3타,홈런,볼넷,고4,사구,삼진,보크,폭투,ERA,FIP,WHIP,ERA+,FIP+,WAR,WPA
1,린드블럼,18두,6.83,26,0,0,26,15,4,0,0,168.2,56,54,681,142,33,2,16,38,0,8,157,0,10,2.88,4.02,1.07,175.4,125.2,6.83,2.06
2,윌슨,18L,6.33,26,1,1,26,9,4,0,0,170.0,63,58,689,158,23,3,11,35,1,6,149,1,10,3.07,3.63,1.14,164.3,139.4,6.33,2.72
3,브리검,18넥,5.80,31,2,1,30,11,7,0,1,199.0,89,85,829,188,28,3,19,50,0,19,175,0,4,3.84,4.36,1.20,134.1,117.4,5.80,0.20
4,김광현,18S,5.28,25,0,0,25,11,8,0,0,136.0,48,45,554,125,16,2,16,30,0,2,130,0,3,2.98,4.16,1.14,176.5,127.4,5.28,1.91
5,양현종,18K,5.23,29,3,0,29,13,11,0,0,184.1,88,85,772,199,33,0,21,43,1,2,152,0,5,4.15,4.38,1.31,123.7,117.9,5.23,-1.06
6,소사,18L,4.97,27,1,1,27,9,9,0,0,181.1,83,71,760,192,44,1,16,28,1,4,181,0,6,3.52,3.50,1.21,143.2,143.3,4.97,0.16
7,니퍼트,18K,4.76,29,0,0,28,8,8,0,0,175.2,88,83,765,209,33,4,26,39,2,9,165,0,9,4.25,4.66,1.41,124.6,111.4,4.76,-0.06
8,후랭코프,18두,4.13,28,0,0,28,18,3,0,0,149.1,64,62,621,118,17,1,12,55,1,22,134,0,15,3.74,4.61,1.16,135.3,110.0,4.13,1.18
9,이용찬,18두,3.93,25,1,0,24,15,3,0,0,144.0,62,58,608,151,24,1,14,36,2,8,102,0,6,3.63,4.56,1.30,139.4,110.8,3.93,0.45
10,켈리,18S,3.90,28,0,0,28,12,7,0,0,158.1,78,72,674,152,28,3,18,47,1,13,161,2,5,4.09,4.40,1.26,128.5,120.4,3.90,-0.45
11,피어밴드,18K,3.79,27,1,0,26,8,8,0,0,163.1,90,78,707,186,27,1,24,38,0,6,141,0,5,4.30,4.83,1.37,123.3,107.7,3.79,-1.28
12,최원태,18넥,3.68,23,1,0,23,13,7,0,0,134.1,62,59,577,144,28,0,8,35,0,11,101,0,3,3.95,4.13,1.33,130.4,124.5,3.68,0.77
13,노경은,18롯,3.42,33,0,0,19,9,6,0,0,132.1,65,60,547,127,24,3,18,30,1,4,89,0,1,4.08,5.00,1.19,127.8,104.5,3.42,0.27
14,박종훈,18S,3.39,30,0,0,30,14,8,0,0,159.1,81,74,702,158,31,3,16,54,0,20,133,0,3,4.18,4.86,1.33,125.8,108.3,3.39,-0.38
15,최충연,18삼,3.00,70,0,0,0,2,6,8,16,85.0,34,34,344,73,16,2,6,26,1,2,101,0,8,3.60,3.33,1.17,147.3,156.2,3.00,1.49
16,샘슨,18한,2.99,30,0,0,29,13,8,0,0,161.2,91,84,703,144,26,1,17,79,0,5,195,2,18,4.68,4.35,1.38,113.3,123.2,2.99,-0.70
17,헥터,18K,2.98,29,1,0,29,11,10,0,0,174.0,102,89,753,209,31,0,25,36,2,4,137,1,4,4.60,4.78,1.41,111.5,107.9,2.98,-1.24
18,레일리,18롯,2.97,30,0,0,30,11,13,0,0,178.1,106,94,775,180,34,4,24,54,1,18,178,2,4,4.74,4.78,1.31,109.9,109.3,2.97,-1.94
19,함덕주,18두,2.96,62,0,0,0,6,3,27,3,67.0,23,22,293,58,9,1,4,37,3,4,75,0,4,2.96,4.07,1.42,171.0,124.8,2.96,1.58
20,송은범,18한,2.94,68,0,0,0,7,4,1,10,79.1,29,22,341,77,9,1,2,33,2,5,61,0,8,2.50,3.98,1.39,212.3,132.4,2.94,0.70
21,한현희,18넥,2.84,30,0,0,28,11,7,0,0,169.0,98,90,756,208,42,3,22,49,0,20,105,0,6,4.79,5.51,1.52,107.5,92.8,2.84,-1.36
22,아델만,18삼,2.83,31,0,0,31,8,12,0,0,171.0,101,96,758,202,39,1,20,54,0,11,137,1,7,5.05,4.89,1.50,105.0,107.1,2.83,-1.15
23,이재학,18N,2.68,29,1,0,29,5,13,0,0,152.1,87,81,658,157,27,2,13,49,2,10,116,0,6,4.79,4.54,1.35,108.4,115.4,2.68,-1.06
24,이태양,18한,2.63,63,0,0,0,4,2,0,12,79.1,30,25,325,66,11,1,10,23,2,4,85,0,4,2.84,4.27,1.12,186.8,125.3,2.63,0.95
25,박상원,18한,2.45,69,0,0,0,4,2,0,9,60.0,17,14,256,59,13,0,3,21,1,4,62,0,3,2.10,3.62,1.33,252.3,146.8,2.45,0.44
26,문승원,18S,2.43,31,0,0,27,8,9,1,1,150.2,86,77,656,180,33,2,24,37,0,4,122,0,4,4.60,5.10,1.44,114.3,104.0,2.43,-1.49
27,김윤동,18K,2.39,64,0,0,0,7,6,4,18,82.2,39,34,369,71,13,1,9,54,7,2,79,0,7,3.70,5.12,1.51,138.7,100.9,2.39,-0.97
28,백정현,18삼,2.35,25,0,0,23,7,7,1,0,125.2,68,64,540,142,27,2,18,36,0,3,99,0,2,4.58,5.05,1.42,115.7,104.1,2.35,-0.87
29,듀브론트,18롯,2.34,25,0,0,25,6,9,0,0,137.1,82,75,629,162,29,2,13,62,1,8,109,3,10,4.92,4.98,1.63,106.1,104.8,2.34,-1.66
30,왕웨이중,18N,2.29,25,0,0,25,7,10,0,0,141.2,83,67,615,169,25,1,16,40,2,2,108,0,2,4.26,4.62,1.48,121.9,113.5,2.29,-0.52
31,김태훈,18S,2.28,61,0,0,4,9,3,0,10,94.0,44,40,394,88,17,0,8,36,4,2,93,0,11,3.83,4.05,1.32,137.3,130.6,2.28,-0.02
32,손승락,18롯,2.25,57,0,0,0,3,5,28,0,57.2,26,25,250,53,13,0,1,20,4,1,60,0,2,3.90,2.86,1.27,133.7,182.5,2.25,0.69
33,베렛,18N,2.23,29,0,0,29,6,10,0,0,155.0,94,91,698,178,31,2,24,59,0,9,144,1,10,5.28,5.30,1.53,98.2,99.1,2.23,-2.29
34,구승민,18롯,2.21,64,0,0,0,7,4,0,14,73.2,33,30,307,62,15,0,12,31,6,3,75,1,2,3.67,5.06,1.26,142.3,103.6,2.21,-0.26
35,정우람,18한,2.02,55,0,0,0,5,3,35,0,53.0,22,20,220,49,9,0,6,12,1,2,56,0,1,3.40,3.93,1.15,156.0,136.2,2.02,1.45
36,로저스,18넥,1.97,13,1,0,13,5,4,0,0,83.0,40,35,345,89,7,4,7,16,0,5,65,0,8,3.80,4.12,1.27,135.8,124.2,1.97,0.07
37,금민철,18K,1.91,29,0,0,29,8,12,0,0,156.1,104,94,720,212,30,1,19,68,1,7,79,0,10,5.41,5.82,1.79,97.9,89.2,1.91,-3.08
38,산체스,18S,1.90,29,0,0,26,8,8,0,1,145.1,90,79,632,161,21,3,26,39,1,7,124,0,12,4.89,5.38,1.38,107.5,98.8,1.90,-1.34
39,심창민,18삼,1.87,59,0,0,0,5,2,17,5,66.1,32,30,284,57,9,2,12,22,2,9,68,0,1,4.07,5.45,1.19,130.3,96.7,1.87,1.28
40,고영표,18K,1.82,25,3,1,23,6,9,0,0,142.0,91,81,620,175,27,4,17,25,1,14,134,1,2,5.13,4.31,1.41,103.2,120.6,1.82,-2.00
41,보니야,18삼,1.79,29,0,0,29,7,10,0,0,168.0,111,99,752,193,40,2,23,63,1,12,151,1,9,5.30,5.14,1.52,100.0,102.2,1.79,-1.92
42,박치국,18두,1.73,67,0,0,0,1,5,3,17,67.0,30,27,293,80,13,0,5,15,4,9,60,1,1,3.63,3.91,1.42,139.4,129.6,1.73,0.27
43,신재웅,18S,1.69,54,0,0,0,2,3,16,6,52.0,23,16,226,49,3,0,5,28,0,1,43,0,3,2.77,5.10,1.48,189.9,102.8,1.69,-0.38
44,오현택,18롯,1.66,72,0,0,0,3,2,0,25,64.2,32,27,268,66,9,0,11,12,0,3,63,1,2,3.76,4.79,1.21,138.8,109.3,1.66,0.11
45,구창모,18N,1.65,36,0,0,23,5,11,0,1,133.0,83,79,598,158,31,2,21,52,0,7,116,1,16,5.35,5.47,1.58,97.1,96.1,1.65,-1.07
46,임창용,18K,1.57,37,0,0,12,5,5,4,4,86.1,54,52,388,92,24,1,16,29,1,11,84,0,5,5.42,5.65,1.40,94.7,91.2,1.57,-0.99
47,장필준,18삼,1.51,61,0,0,0,5,5,6,13,66.1,35,32,290,65,15,1,6,25,2,6,74,0,0,4.34,4.09,1.36,122.2,127.5,1.51,-0.78
48,헤일,18한,1.49,12,0,0,12,3,4,0,0,66.1,35,32,277,68,10,0,8,17,0,4,55,0,3,4.34,4.69,1.28,122.0,113.6,1.49,-0.56
49,임기준,18K,1.48,55,0,0,0,5,1,2,8,56.0,27,22,243,59,5,1,7,23,0,3,45,1,3,3.54,5.24,1.46,145.2,98.4,1.48,1.04
50,휠러,18한,1.44,19,0,0,19,3,9,0,0,101.2,62,58,459,128,16,0,12,34,1,10,94,1,2,5.13,4.79,1.59,103.2,111.5,1.44,-1.07
51,양창섭,18삼,1.43,19,0,0,17,7,6,0,0,87.1,52,49,400,100,22,0,12,34,0,10,49,1,3,5.05,6.01,1.53,105.0,87.4,1.43,-0.72
52,우규민,18삼,1.41,48,0,0,0,4,1,0,10,58.2,28,28,246,70,12,0,6,12,1,5,48,0,0,4.30,4.34,1.40,123.5,120.6,1.41,-0.22
53,김재윤,18K,1.39,62,0,0,0,7,5,15,0,61.0,34,31,271,76,10,1,11,15,4,1,66,0,3,4.57,4.60,1.49,115.9,113.2,1.39,-0.37
54,이영하,18두,1.33,40,0,0,17,10,3,0,2,122.2,75,72,555,140,28,5,15,54,1,9,90,0,8,5.28,5.47,1.58,95.7,92.1,1.33,-1.25
55,김승회,18두,1.23,55,0,0,0,3,4,3,11,54.2,26,21,242,54,11,0,6,23,1,5,34,0,3,3.46,5.50,1.41,146.2,91.9,1.23,-0.58
56,진명호,18롯,1.20,60,0,0,0,5,4,1,9,61.2,34,30,282,53,19,0,7,46,6,1,65,0,3,4.38,5.20,1.61,119.1,100.7,1.20,-0.14
57,정찬헌,18L,1.17,66,0,0,0,5,3,27,0,65.0,36,35,299,76,14,0,5,24,3,7,50,0,2,4.85,4.59,1.54,104.1,110.3,1.17,-1.70
58,장민재,18한,1.16,34,0,0,3,6,2,0,1,59.2,33,31,266,62,14,2,7,23,0,1,42,0,1,4.68,5.16,1.43,113.3,103.2,1.16,-0.44
59,권오준,18삼,1.07,47,0,0,0,3,1,1,2,43.1,21,19,189,43,7,0,7,12,0,3,52,0,2,3.95,4.57,1.27,134.4,115.0,1.07,-0.11
60,김강률,18두,1.05,65,0,0,0,5,0,6,11,76.0,42,39,317,72,10,0,7,24,1,3,81,0,6,4.62,3.93,1.26,109.4,128.3,1.05,1.51
61,김재영,18한,1.04,29,0,0,21,6,4,0,1,111.1,74,70,503,136,32,1,15,37,0,12,56,0,4,5.66,5.90,1.55,93.6,90.1,1.04,-1.08
62,양현,18넥,1.02,33,0,0,0,1,1,0,5,32.2,13,13,132,31,3,0,4,13,0,1,20,0,0,3.58,5.49,1.35,143.9,93.3,1.02,-0.81
63,정성곤,18K,0.98,24,0,0,0,1,0,0,5,24.1,8,8,104,23,1,0,3,11,0,0,23,0,0,2.96,4.90,1.40,179.1,106.2,0.98,-0.01
64,김상수,18넥,0.98,58,0,0,0,2,3,18,14,55.2,32,32,239,53,10,0,9,23,2,1,68,0,6,5.17,4.68,1.37,99.6,108.5,0.98,-0.39
65,문경찬,18K,0.98,32,0,0,0,0,3,0,0,55.1,29,29,240,62,13,0,10,17,2,2,46,1,3,4.72,5.44,1.43,108.8,94.8,0.98,-1.16
66,해커,18넥,0.94,14,0,0,13,5,3,0,0,79.2,49,46,349,86,16,0,16,30,0,5,56,1,2,5.20,6.36,1.46,99.2,80.0,0.94,-0.90
67,이보근,18넥,0.92,64,0,0,0,7,6,0,24,61.0,36,29,263,66,10,2,6,14,1,4,54,0,2,4.28,4.18,1.31,120.4,122.3,0.92,-0.73
68,원종현,18N,0.89,59,0,0,0,3,6,2,17,64.1,38,37,275,78,5,1,7,22,1,2,36,0,5,5.18,5.20,1.55,100.3,101.0,0.89,-1.21
69,이종혁,18K,0.87,47,0,0,0,0,5,1,4,48.1,28,25,215,61,8,0,4,17,3,2,31,0,2,4.66,4.62,1.61,113.8,112.8,0.87,-2.12
70,유승철,18K,0.85,39,0,0,0,1,0,1,3,47.1,25,23,220,49,10,1,5,29,3,4,44,0,4,4.37,5.25,1.65,117.4,98.3,0.85,-0.81
71,박희수,18S,0.84,35,0,0,0,1,2,0,4,33.0,14,12,146,35,8,0,1,15,0,3,30,0,0,3.27,4.05,1.52,160.6,128.8,0.84,-0.95
72,차우찬,18L,0.83,29,1,0,29,12,10,0,0,170.0,119,115,762,177,36,4,27,79,2,10,136,0,10,6.09,5.83,1.51,82.9,85.5,0.83,-2.45
73,배재환,18N,0.80,31,0,0,0,3,3,1,2,36.0,18,18,169,37,5,1,6,25,1,1,34,0,3,4.50,6.19,1.72,115.3,85.0,0.80,-1.11
74,최채흥,18삼,0.78,8,0,0,4,4,1,0,0,28.0,11,10,120,30,5,1,5,8,0,1,25,0,0,3.21,5.33,1.36,165.0,98.9,0.78,0.06
75,황인준,18K,0.78,37,0,0,2,3,1,0,1,52.2,31,29,229,58,13,1,9,12,0,6,35,0,0,4.96,5.75,1.33,103.6,89.6,0.78,-0.23
76,김성훈,18한,0.74,10,0,0,5,0,2,0,0,27.2,12,11,118,25,5,0,2,11,0,3,28,0,3,3.58,4.27,1.30,148.1,124.7,0.74,-0.29
77,팻딘,18K,0.73,36,0,0,21,6,7,0,2,129.1,96,90,588,174,29,1,23,27,2,4,101,0,3,6.26,5.26,1.55,82.0,98.1,0.73,-2.78
78,윤희상,18S,0.72,46,0,0,1,1,2,1,7,51.0,29,29,211,55,5,1,8,7,1,2,44,0,1,5.12,4.62,1.22,102.7,115.4,0.72,-0.22
79,박진우,18N,0.69,11,0,0,1,1,0,0,1,19.2,8,8,80,18,2,0,2,5,1,2,15,0,0,3.66,4.55,1.17,141.8,115.5,0.69,0.05
80,홍성용,18K,0.69,56,0,0,0,2,1,1,6,45.0,28,27,202,49,14,1,7,16,0,5,42,0,2,5.40,5.39,1.44,98.1,96.3,0.69,0.04
81,최동환,18L,0.68,28,0,0,0,1,0,0,1,37.0,19,19,156,33,7,0,6,11,0,3,28,0,4,4.62,5.56,1.19,109.1,89.5,0.68,-0.01
82,류희운,18K,0.68,29,0,0,2,1,1,0,1,44.0,25,24,195,53,11,0,11,14,0,2,28,0,3,4.91,6.90,1.52,107.9,75.1,0.68,-0.28
83,임현준,18삼,0.65,40,0,0,0,0,1,0,3,27.2,12,12,116,20,4,1,3,11,1,5,26,0,0,3.90,4.99,1.12,135.9,104.8,0.65,0.18
84,심재민,18K,0.64,44,0,0,0,4,5,2,3,41.0,25,21,179,47,5,2,5,17,3,2,36,0,4,4.61,4.83,1.56,115.0,107.8,0.64,-1.13
85,윤길현,18롯,0.63,32,0,0,0,1,2,0,4,33.0,18,17,145,33,6,2,4,15,0,0,29,0,2,4.64,5.02,1.46,112.5,104.4,0.63,-0.34
86,박신지,18두,0.61,17,0,0,0,1,2,0,0,21.0,7,7,88,14,3,0,4,9,0,1,16,0,3,3.00,6.21,1.10,168.5,80.3,0.61,-0.85
87,김승현,18삼,0.57,28,0,0,0,1,3,0,2,32.1,18,16,158,48,8,1,3,15,2,5,29,0,3,4.45,4.92,1.95,119.1,106.3,0.57,-0.83
88,이승진,18S,0.56,34,0,0,2,0,1,0,0,41.1,25,21,189,41,6,0,6,20,1,4,37,0,6,4.57,5.60,1.48,115.0,94.4,0.56,-0.65
89,이승호,18넥,0.55,32,0,0,4,1,3,0,4,45.0,28,28,203,44,9,0,8,22,1,5,38,0,8,5.60,6.19,1.47,92.0,82.3,0.55,-0.34
90,이상화,18K,0.54,11,0,0,0,0,0,2,3,10.1,3,3,43,6,1,1,0,5,0,1,14,0,2,2.61,2.87,1.07,202.8,182.3,0.54,-0.41
91,채병용,18S,0.51,29,0,0,0,2,1,1,3,30.0,16,16,128,33,5,0,8,8,0,1,15,0,0,4.80,7.20,1.37,109.5,73.9,0.51,-0.05
92,안영명,18한,0.51,53,0,0,1,8,2,0,8,66.0,44,42,291,83,10,0,12,15,1,4,48,1,4,5.73,5.56,1.49,92.5,96.2,0.51,0.53
93,정인욱,18삼,0.49,19,0,0,0,1,0,0,0,31.0,17,12,137,31,7,1,3,9,0,3,27,0,1,3.48,4.51,1.29,152.3,115.9,0.49,-0.10
94,장시환,18롯,0.49,32,0,0,0,1,0,0,2,36.2,23,19,174,39,4,2,5,19,0,3,44,0,2,4.66,5.01,1.58,111.8,104.6,0.49,-0.14
95,김건국,18롯,0.47,5,0,0,1,1,0,0,0,10.2,3,3,41,11,2,0,1,0,0,1,9,0,0,2.53,3.65,1.03,206.1,143.1,0.47,0.18
96,최성훈,18L,0.46,24,0,0,0,0,0,0,3,16.2,7,7,74,17,4,0,4,9,1,1,14,0,2,3.78,6.89,1.56,133.5,71.7,0.46,-0.61
97,한승혁,18K,0.44,21,0,0,19,7,3,0,0,88.0,62,57,406,105,18,3,8,44,1,4,65,0,16,5.83,5.14,1.69,88.0,100.4,0.44,-1.58
98,최성영,18N,0.44,28,0,0,8,2,2,1,0,64.1,43,42,282,66,14,0,11,25,1,4,57,0,6,5.88,5.59,1.42,88.3,94.1,0.44,-0.31
99,이형범,18N,0.43,23,0,0,4,1,1,0,0,54.0,36,31,238,62,11,0,5,24,2,1,22,0,3,5.17,5.50,1.59,100.5,95.5,0.43,-0.42
100,임기영,18K,0.42,29,0,0,19,8,9,0,2,105.0,79,73,491,145,24,0,20,34,2,12,68,0,2,6.26,6.27,1.71,82.0,82.2,0.42,-1.61
101,배재준,18L,0.41,16,0,0,5,1,0,0,0,38.2,24,19,174,34,11,1,3,20,0,1,41,0,3,4.42,4.35,1.40,114.1,115.9,0.41,-0.48
102,임찬규,18L,0.41,29,0,0,27,11,11,1,0,146.2,104,94,680,195,32,1,23,47,1,13,125,0,6,5.77,5.37,1.65,87.5,92.6,0.41,-2.78
103,윤성빈,18롯,0.39,18,0,0,10,2,5,0,0,50.2,36,36,235,51,12,0,5,36,0,3,65,0,5,6.39,4.86,1.72,81.6,107.7,0.39,-0.98
104,김범수,18한,0.37,55,0,0,3,4,4,0,7,48.1,33,31,223,52,8,0,7,29,0,1,54,0,8,5.77,5.34,1.68,91.8,100.3,0.37,-0.17
105,김지용,18L,0.36,48,0,0,0,5,6,1,13,47.0,30,28,198,52,9,1,10,9,1,2,42,0,1,5.36,5.45,1.30,94.1,90.3,0.36,-1.45
106,송승준,18롯,0.36,22,0,0,15,3,4,0,0,79.0,58,54,361,93,23,2,8,35,0,4,68,0,5,6.15,4.91,1.62,84.8,106.4,0.36,-2.06
107,윤영삼,18넥,0.36,22,0,0,0,1,0,2,0,29.2,18,16,127,31,7,0,2,8,1,1,32,0,1,4.85,3.36,1.32,106.2,152.4,0.36,0.21
108,이현승,18두,0.35,39,0,0,0,1,0,0,6,30.2,18,17,140,39,9,2,4,14,1,1,21,0,0,4.99,5.53,1.73,101.3,91.0,0.35,0.02
109,김정후,18두,0.35,13,0,0,0,0,1,0,0,17.1,8,7,75,12,3,0,3,12,0,1,12,0,0,3.63,6.95,1.39,139.1,72.3,0.35,-0.44
110,김태훈,18넥,0.35,33,0,0,3,2,2,2,1,47.2,33,32,218,61,12,1,10,18,0,4,36,0,2,6.04,6.43,1.66,85.3,79.0,0.35,-1.21
111,김민,18K,0.35,9,0,0,9,4,2,0,0,37.1,26,21,178,40,10,0,4,25,0,6,25,0,5,5.06,6.38,1.74,104.7,81.4,0.35,-0.63
112,배민관,18L,0.34,8,0,0,0,0,0,0,0,11.0,2,2,51,9,3,0,0,4,0,2,11,0,3,1.64,3.47,1.18,308.3,148.9,0.34,0.02
113,김사율,18K,0.34,29,0,0,3,1,2,0,0,45.1,32,29,204,56,14,1,12,10,1,2,35,0,4,5.76,6.46,1.46,92.0,80.3,0.34,-0.87
114,여건욱,18L,0.30,18,0,0,1,0,0,0,0,22.2,13,12,103,27,9,0,1,8,1,4,15,0,3,4.76,4.54,1.54,105.9,112.5,0.30,-0.15
115,조상우,18넥,0.28,18,0,0,0,1,2,9,0,19.0,11,8,78,16,4,1,1,6,0,2,23,0,0,3.79,3.36,1.16,136.0,152.7,0.28,-0.80
116,이현호,18두,0.27,15,0,0,2,0,0,1,0,28.0,19,19,134,37,6,0,4,13,0,1,23,0,1,6.11,5.55,1.79,82.8,90.4,0.27,-0.15
117,박정배,18S,0.27,49,0,0,0,1,3,9,2,44.2,30,29,197,51,15,0,9,12,2,2,44,0,1,5.84,5.29,1.41,90.0,101.1,0.27,-2.40
118,홍상삼,18두,0.25,17,0,0,0,1,0,0,0,14.2,7,7,66,13,3,1,1,12,1,2,13,0,5,4.30,5.61,1.71,117.7,90.8,0.25,-0.14
119,김영준,18L,0.25,14,0,0,2,2,1,0,0,20.2,12,10,100,19,0,0,3,15,0,3,16,0,3,4.35,6.79,1.65,115.8,74.0,0.25,-0.21
120,권혁,18한,0.23,16,0,0,0,1,1,0,3,11.0,6,6,44,9,1,0,2,4,0,0,11,0,1,4.91,5.29,1.18,107.9,101.5,0.23,-0.19
121,이상민,18넥,0.22,4,0,0,0,0,0,0,0,4.2,0,0,16,3,1,0,0,1,0,0,2,0,0,0.00,3.62,0.86,,143.6,0.22,0.09
122,서균,18한,0.21,56,0,0,0,1,1,1,10,37.1,26,24,168,39,3,0,7,16,0,7,22,0,3,5.79,6.94,1.47,91.6,76.8,0.21,-0.00
123,전유수,18S,0.20,16,0,0,0,0,1,0,0,18.0,11,11,81,21,5,0,3,8,0,2,15,0,0,5.50,6.00,1.61,95.6,88.1,0.20,-0.47
124,윤규진,18한,0.18,18,0,0,17,2,6,0,0,84.0,63,55,381,99,22,2,14,30,0,6,81,0,3,5.89,5.36,1.54,89.9,100.0,0.18,-1.53
125,송창식,18한,0.18,12,0,0,0,1,0,0,1,12.2,7,7,58,15,4,0,2,4,0,1,8,0,3,4.97,5.81,1.50,106.5,91.8,0.18,-0.00
126,장원삼,18삼,0.18,8,0,0,8,3,1,0,0,38.0,27,26,173,47,13,1,4,13,0,1,27,0,1,6.16,4.89,1.58,86.1,107.2,0.18,-0.43
127,고창성,18K,0.18,42,0,0,0,2,0,0,5,37.2,29,28,183,57,7,0,7,11,1,5,23,0,1,6.69,6.22,1.81,79.2,83.3,0.18,-0.93
128,엄상백,18K,0.17,55,0,0,0,1,8,2,12,46.1,33,28,211,51,9,1,4,17,5,8,44,0,3,5.44,4.35,1.47,97.4,119.7,0.17,-1.17
129,김종수,18한,0.17,3,0,0,0,0,0,0,0,5.0,1,1,18,3,0,0,1,0,0,0,1,0,0,1.80,6.03,0.60,294.4,88.3,0.17,-0.02
130,임준섭,18한,0.16,10,0,0,0,1,0,0,0,8.1,4,4,34,8,2,0,1,6,0,1,6,0,0,4.32,6.47,1.68,122.7,82.2,0.16,-0.00
131,정성종,18롯,0.16,10,0,0,0,0,1,0,0,19.0,13,13,85,19,3,0,2,8,0,1,12,0,2,6.16,5.36,1.42,84.7,97.4,0.16,-0.47
132,이민호,18N,0.16,50,0,0,0,5,4,14,0,50.0,34,26,224,52,9,0,8,19,1,3,42,1,2,4.68,5.49,1.42,110.9,95.8,0.16,-1.93
133,배우열,18K,0.15,5,0,0,0,0,0,0,0,5.2,2,1,28,7,1,0,0,3,0,0,9,0,0,1.59,2.25,1.77,333.6,234.8,0.15,0.00
134,정수민,18N,0.14,25,0,0,7,2,5,0,1,58.0,43,39,278,69,8,2,10,33,0,3,38,0,7,6.05,6.63,1.76,85.8,79.5,0.14,-1.15
135,박준표,18K,0.14,1,0,0,0,0,0,0,0,2.0,0,0,8,0,0,0,0,2,0,0,2,0,0,0.00,4.83,1.00,,106.8,0.14,0.10
136,배장호,18롯,0.14,25,0,0,0,1,1,0,0,24.1,18,16,112,29,9,1,3,10,2,2,13,0,0,5.92,5.60,1.60,88.1,93.1,0.14,-1.04
137,오주원,18넥,0.14,61,0,0,0,3,6,1,15,52.1,37,36,226,61,11,0,8,13,3,1,36,0,1,6.19,5.08,1.41,83.2,100.3,0.14,-1.21
138,남윤성,18S,0.14,6,0,0,0,0,1,0,0,8.2,5,5,40,12,1,0,1,4,0,0,3,0,0,5.19,6.03,1.85,101.3,87.1,0.14,-0.29
139,서진용,18S,0.12,48,0,0,0,3,2,1,12,50.0,36,34,225,52,8,2,14,23,3,2,58,0,4,6.12,6.47,1.50,85.9,82.9,0.12,-0.01
140,정동윤,18S,0.12,2,0,0,0,0,0,0,0,2.2,1,1,11,3,0,0,1,1,0,0,3,0,0,3.38,7.58,1.50,155.8,70.9,0.12,-0.09
141,배제성,18K,0.11,3,0,0,0,0,0,0,0,4.0,1,0,17,3,2,0,0,1,0,0,2,0,0,0.00,3.58,1.00,,145.5,0.11,0.00
142,김재균,18N,0.11,4,0,0,1,0,0,0,0,5.2,3,2,29,3,0,1,0,9,0,0,4,0,0,3.18,7.19,2.12,163.4,73.2,0.11,-0.18
143,전인환,18L,0.10,5,0,0,0,0,0,0,0,5.2,3,3,25,7,1,0,0,3,0,0,4,0,0,4.76,4.01,1.77,105.9,128.7,0.10,-0.00
144,김태오,18K,0.10,8,0,0,4,1,2,0,0,21.0,16,14,102,32,7,1,4,9,0,2,14,0,0,6.00,6.55,1.95,88.3,79.2,0.10,-0.53
145,김정훈,18N,0.07,21,0,0,9,2,3,0,0,53.0,38,32,247,60,11,1,7,24,0,7,39,1,3,5.43,5.83,1.59,95.5,90.1,0.07,-0.73
146,정용운,18K,0.06,3,0,0,3,1,0,0,0,10.0,7,7,45,10,0,0,1,8,0,0,5,0,1,6.30,6.53,1.80,81.5,78.9,0.06,-0.18
147,이명우,18롯,0.06,59,0,0,1,0,1,0,2,44.0,36,26,200,59,15,0,1,9,1,0,25,0,3,5.32,3.54,1.55,98.1,147.4,0.06,-0.90
148,윤지웅,18L,0.06,10,0,0,0,0,0,0,0,6.1,4,3,33,9,2,0,0,3,0,3,4,0,0,4.26,5.41,1.90,118.3,95.4,0.06,-0.23
149,전상현,18K,0.05,5,0,0,2,0,0,0,0,10.1,7,7,55,19,4,0,1,5,0,0,7,0,0,6.10,5.19,2.32,84.2,99.5,0.05,-0.22
150,심동섭,18K,0.04,7,0,0,0,0,0,0,1,5.2,4,4,27,7,4,0,0,3,0,0,5,0,0,6.35,3.66,1.77,80.8,141.6,0.04,-0.48
151,문성현,18넥,0.04,1,0,0,0,0,0,0,0,1.0,0,0,5,1,0,0,0,1,0,0,1,0,0,0.00,4.83,2.00,,107.6,0.04,0.00
152,강동연,18두,0.04,8,0,0,0,1,0,0,0,11.2,8,7,49,10,2,0,2,5,0,0,5,0,0,5.40,6.49,1.29,93.6,77.2,0.04,-0.28
153,장지훈,18삼,0.04,1,0,0,0,0,0,0,0,1.0,0,0,4,1,0,0,0,0,0,0,1,0,0,0.00,1.83,1.00,,278.9,0.04,0.00
154,민태호,18N,0.04,8,0,0,0,1,0,0,0,9.2,7,6,42,11,3,0,1,4,0,1,4,0,2,5.59,5.90,1.55,92.9,89.0,0.04,0.08
155,임정우,18L,0.04,2,0,0,0,0,0,0,0,0.2,0,0,5,1,1,0,0,2,0,0,1,0,0,0.00,9.83,4.50,,52.0,0.04,-0.02
156,김원중,18롯,0.03,30,0,0,30,8,7,0,0,145.1,115,112,681,173,37,2,28,77,1,11,137,0,7,6.94,6.25,1.72,75.2,83.7,0.03,-2.69
157,윤석민,18K,0.03,28,0,0,3,0,8,11,0,40.0,32,30,182,55,13,0,9,10,2,0,29,0,5,6.75,5.91,1.63,76.0,87.2,0.03,-2.90
158,박정준,18넥,0.03,2,0,0,0,0,0,0,0,2.0,1,0,10,0,0,0,0,1,0,2,2,1,0,0.00,6.33,0.50,,81.6,0.03,-0.01
159,심규범,18N,0.03,1,0,0,0,0,0,0,0,0.2,0,0,3,1,0,0,0,0,0,0,0,0,0,0.00,3.83,1.50,,135.5,0.03,0.00
160,신정락,18L,0.02,49,0,0,1,3,7,0,5,50.2,37,33,227,59,8,0,5,17,0,6,56,0,3,5.86,4.27,1.50,86.1,117.5,0.02,-1.14
161,박경태,18K,0.02,4,0,0,0,0,0,0,0,6.1,5,4,29,7,2,0,0,2,0,1,6,0,1,5.68,3.36,1.42,90.3,154.3,0.02,0.02
162,김진욱,18한,0.02,3,0,0,1,0,0,0,0,5.2,4,4,30,6,0,0,0,3,0,3,4,0,0,6.35,5.60,1.59,83.4,94.0,0.02,-0.04
163,이우석,18N,0.02,1,0,0,0,0,0,0,0,0.1,0,0,2,0,0,0,0,1,0,0,1,0,1,0.00,6.83,3.00,,,0.02,0.01
164,성동현,18L,0.02,1,0,0,0,1,0,0,0,0.1,0,0,2,1,0,0,0,0,0,0,0,0,0,0.00,3.83,3.00,,135.5,0.02,0.01
165,강승현,18한,0.02,2,0,0,0,0,0,0,0,1.2,1,1,8,3,0,0,1,0,0,0,2,0,2,5.40,9.23,1.80,98.1,59.3,0.02,0.00
166,임준혁,18S,0.02,6,0,0,0,0,0,0,0,7.1,6,6,35,12,6,0,0,3,0,0,2,0,1,7.36,4.52,2.05,71.4,114.6,0.02,-0.08
167,한주성,18두,0.01,3,0,0,0,0,0,0,0,4.0,3,3,22,8,1,0,0,1,0,1,1,0,0,6.75,4.83,2.25,74.9,107.3,0.01,-0.10
168,김태형,18L,0.01,2,0,0,0,0,0,0,0,1.2,1,1,8,2,0,0,1,1,0,0,1,0,0,5.40,12.23,1.80,93.4,39.7,0.01,-0.07
169,고우석,18L,0.01,56,0,0,0,3,5,0,3,67.0,51,44,312,69,12,2,10,37,0,5,44,1,2,5.91,6.34,1.58,85.3,79.0,0.01,-2.20
170,봉민호,18S,0.01,1,0,0,0,0,0,0,0,1.1,1,1,5,1,0,0,1,0,0,0,2,0,0,6.75,10.58,0.75,77.9,51.7,0.01,-0.02
171,유원상,18N,0.01,41,0,0,0,1,4,0,5,47.1,37,34,225,63,17,1,5,17,1,5,30,0,5,6.46,5.27,1.69,80.3,99.7,0.01,-2.03
172,고영창,18K,0.00,2,0,0,0,0,0,0,0,0.0,6,6,6,4,2,0,0,1,0,1,0,0,0,,,,,,0.00,-0.24
173,김민수,18K,-0.00,2,0,0,0,0,0,0,0,1.0,1,1,4,1,0,0,0,1,0,0,1,0,0,9.00,4.83,2.00,58.9,108.2,-0.00,-0.06
174,유재유,18두,-0.02,5,0,0,1,0,1,0,0,6.1,5,5,34,11,2,0,1,3,0,3,5,0,2,7.11,7.15,2.21,71.1,70.5,-0.02,-0.30
175,배영수,18한,-0.03,11,0,0,11,2,3,0,0,55.2,42,41,251,69,16,4,6,15,1,6,47,1,0,6.63,4.62,1.51,79.9,115.2,-0.03,-0.61
176,황수범,18삼,-0.03,2,0,0,0,0,0,0,0,2.1,3,3,15,3,1,0,0,6,0,0,2,0,0,11.57,9.83,3.86,45.8,52.3,-0.03,0.00
177,안성무,18삼,-0.03,2,0,0,0,0,0,0,0,2.1,3,3,11,3,0,0,2,1,0,0,5,0,0,11.57,11.98,1.71,45.8,44.8,-0.03,-0.00
178,정영일,18S,-0.03,51,0,0,0,3,0,0,13,44.0,33,26,205,48,10,0,7,21,1,5,33,0,4,5.32,6.11,1.57,98.9,86.6,-0.03,-0.41
179,박성모,18두,-0.04,2,0,0,0,0,1,0,0,2.0,2,2,11,4,0,0,1,0,0,1,1,0,0,9.00,10.83,2.00,56.2,45.2,-0.04,-0.22
180,조무근,18롯,-0.04,2,0,0,0,1,0,0,0,0.2,1,1,6,2,1,0,0,1,0,2,1,0,0,13.50,14.33,4.50,38.6,35.4,-0.04,0.02
181,한기주,18삼,-0.04,33,0,0,1,1,4,0,3,39.0,32,29,183,54,12,1,8,12,0,5,30,1,1,6.69,6.27,1.69,79.3,84.2,-0.04,-1.22
182,최건,18K,-0.05,2,0,0,0,0,0,0,0,2.0,3,3,13,5,1,0,0,2,0,0,2,0,0,13.50,4.83,3.50,39.3,108.2,-0.05,-0.00
183,김용하,18삼,-0.06,4,0,0,0,0,0,0,0,3.0,4,3,19,2,0,0,0,4,0,3,4,0,0,9.00,8.17,2.00,58.9,63.0,-0.06,0.01
184,신병률,18K,-0.06,21,0,0,1,0,0,1,2,25.2,22,20,120,35,10,1,6,7,0,3,14,0,1,7.01,6.95,1.64,75.6,74.5,-0.06,-0.80
185,현도훈,18두,-0.06,3,0,0,1,0,1,0,0,8.2,7,7,42,11,1,0,2,6,0,1,5,0,2,7.27,8.10,1.96,69.5,61.7,-0.06,-0.38
186,조성훈,18S,-0.06,1,0,0,0,0,0,0,0,0.2,2,2,4,3,1,0,0,0,0,0,0,0,1,27.00,3.83,4.50,19.5,135.5,-0.06,-0.05
187,류재인,18N,-0.06,1,0,0,0,0,0,0,0,1.2,3,3,11,1,0,0,1,2,0,3,2,0,0,16.20,18.23,1.80,32.0,28.8,-0.06,-0.01
188,정태승,18롯,-0.07,3,0,0,0,0,0,0,0,2.2,4,2,16,4,1,0,0,3,0,0,3,0,0,6.75,4.96,2.63,77.3,105.4,-0.07,-0.02
189,김성민,18넥,-0.07,46,0,0,1,2,1,0,5,48.0,38,33,226,61,11,1,6,21,2,3,45,0,4,6.19,4.96,1.71,83.3,103.0,-0.07,0.18
190,김민규,18두,-0.07,1,0,0,0,0,0,0,0,0.1,2,2,4,1,0,0,0,2,0,0,0,0,0,54.00,21.83,9.00,9.4,23.5,-0.07,-0.01
191,이승현,18삼,-0.07,19,0,0,0,1,1,0,2,17.0,15,15,82,23,3,0,4,7,0,2,14,0,2,7.94,6.83,1.77,66.8,77.3,-0.07,-0.28
192,이동걸,18한,-0.08,1,0,0,0,0,0,0,0,2.0,4,4,11,5,2,0,1,0,0,0,2,0,0,18.00,8.33,2.50,29.4,65.4,-0.08,-0.00
193,임창민,18N,-0.09,8,0,0,0,0,1,3,0,7.0,6,5,33,8,4,0,2,2,1,0,9,0,0,6.43,5.40,1.43,80.7,98.1,-0.09,-1.14
194,조성운,18넥,-0.09,25,0,0,0,0,0,0,0,26.2,24,22,128,35,6,1,6,13,0,0,25,0,3,7.43,6.35,1.80,69.4,80.0,-0.09,-0.61
195,박민호,18S,-0.09,3,0,0,0,0,0,0,0,2.1,4,4,12,4,1,0,1,1,0,1,0,0,0,15.43,11.98,2.14,34.1,44.4,-0.09,-0.01
196,홍성민,18롯,-0.09,4,0,0,0,0,0,0,0,3.2,5,5,18,6,0,1,1,1,0,0,3,0,0,12.27,6.56,1.91,42.5,79.9,-0.09,-0.06
197,김대우,18롯,-0.10,5,0,0,0,0,0,0,0,3.1,5,5,19,8,2,0,2,1,0,0,2,0,1,13.50,11.33,2.70,38.6,46.3,-0.10,-0.09
198,강윤구,18N,-0.10,69,0,0,0,7,5,1,17,54.2,41,37,243,54,10,1,10,26,0,1,65,0,4,6.09,5.32,1.46,85.2,98.9,-0.10,-0.64
199,박근홍,18삼,-0.10,22,0,0,0,2,0,0,0,23.0,21,19,117,28,4,0,3,12,0,6,27,0,1,7.43,5.53,1.74,71.3,94.5,-0.10,-0.60
200,김정인,18넥,-0.10,2,0,0,2,0,1,0,0,7.1,7,7,39,14,2,0,1,3,0,1,4,0,0,8.59,6.15,2.32,60.0,83.2,-0.10,-0.31
201,김민우,18한,-0.11,23,0,0,20,5,9,0,0,99.1,79,72,468,133,28,1,19,41,0,8,73,1,5,6.52,6.33,1.75,81.2,84.5,-0.11,-1.78
202,김기태,18삼,-0.12,1,0,0,0,0,0,0,0,1.2,5,5,10,4,0,0,3,0,0,1,2,0,0,27.00,26.63,2.40,19.6,20.3,-0.12,-0.01
203,서의태,18넥,-0.12,1,0,0,0,0,0,0,0,0.2,4,4,6,1,0,0,0,2,0,1,1,0,1,54.00,14.33,4.50,9.5,36.2,-0.12,-0.00
204,김택형,18S,-0.13,14,0,0,0,1,2,0,2,11.2,10,10,52,9,0,0,1,10,0,0,11,0,2,7.71,5.63,1.63,68.2,92.7,-0.13,-0.20
205,하준영,18K,-0.13,15,0,0,0,0,0,0,0,14.2,15,15,67,16,0,0,3,8,0,1,12,0,3,9.20,6.70,1.64,55.8,76.9,-0.13,0.06
206,김태형,18L,-0.13,1,0,0,0,0,0,0,0,1.0,4,4,8,2,1,0,0,4,0,0,0,0,1,36.00,15.83,6.00,14.0,32.4,-0.13,-0.01
207,김시현,18삼,-0.13,4,0,0,0,0,0,0,0,5.0,7,7,29,10,1,0,2,2,0,2,5,0,0,12.60,9.43,2.40,42.1,56.4,-0.13,0.03
208,김경태,18한,-0.13,3,0,0,0,0,0,0,0,2.2,5,5,17,4,0,0,2,5,0,0,2,0,2,16.88,17.71,3.38,31.4,30.4,-0.13,-0.04
209,김진영,18한,-0.13,4,0,0,2,0,0,0,0,11.1,10,10,49,13,0,0,1,4,0,0,9,0,0,7.94,4.45,1.50,66.7,119.4,-0.13,-0.19
210,고효준,18롯,-0.13,43,0,0,0,2,3,0,7,32.1,27,25,153,33,8,1,3,23,0,0,39,0,5,6.96,4.76,1.73,75.0,110.1,-0.13,-0.59
211,최민준,18S,-0.16,2,0,0,0,0,0,0,0,5.0,9,8,28,11,1,0,5,0,0,0,3,0,0,14.40,15.63,2.20,36.5,34.7,-0.16,0.01
212,이영준,18넥,-0.17,2,0,0,0,0,0,0,0,2.0,5,5,15,6,3,0,0,3,0,0,2,0,0,22.50,6.33,4.50,22.9,82.2,-0.17,-0.10
213,손주영,18L,-0.17,4,0,0,3,0,2,0,0,11.2,11,11,62,13,3,0,0,14,0,2,7,0,1,8.49,6.75,2.31,59.4,76.2,-0.17,-0.33
214,김용주,18K,-0.18,1,0,0,1,0,0,0,0,2.0,4,4,13,5,0,0,1,2,0,0,2,0,0,18.00,11.33,3.50,29.4,45.8,-0.18,-0.35
215,최지광,18삼,-0.18,6,0,0,0,0,0,0,0,8.2,12,11,45,11,4,0,0,7,0,0,7,1,1,11.42,4.64,2.08,46.4,110.8,-0.18,-0.04
216,강지광,18S,-0.19,4,0,0,0,0,0,0,0,3.0,7,7,21,8,2,0,1,4,0,0,3,0,0,21.00,10.17,4.00,25.0,52.0,-0.19,-0.05
217,박주홍,18한,-0.19,22,0,0,0,1,1,0,0,18.2,18,18,94,26,2,0,4,10,0,2,18,1,0,8.68,6.62,1.93,61.1,81.0,-0.19,-0.28
218,심수창,18한,-0.20,3,0,0,0,0,0,0,0,2.1,4,4,13,7,0,0,2,0,0,0,2,0,0,15.43,13.26,3.00,34.3,41.2,-0.20,-0.46
219,장현식,18N,-0.21,21,0,0,0,3,2,2,1,26.2,22,22,126,31,5,0,7,17,1,0,24,0,3,7.43,7.25,1.80,69.9,72.9,-0.21,-0.87
220,장민익,18두,-0.21,3,0,0,0,0,0,0,0,2.0,6,6,14,5,0,0,3,2,0,1,2,0,0,27.00,25.83,3.50,18.7,18.7,-0.21,-0.08
221,김세현,18K,-0.23,40,0,0,0,1,6,4,0,40.0,32,30,191,56,13,2,4,17,4,2,32,0,1,6.75,4.66,1.83,76.0,110.9,-0.23,-2.12
222,홍건희,18K,-0.23,11,0,0,1,0,1,0,0,16.2,20,19,88,32,8,1,4,7,1,1,13,0,0,10.26,6.65,2.34,50.0,77.4,-0.23,-0.30
223,문광은,18L,-0.23,6,0,0,0,0,1,0,0,6.2,9,9,35,11,1,0,3,5,0,0,5,0,0,12.15,10.43,2.40,41.5,46.9,-0.23,0.03
224,노성호,18N,-0.24,20,0,0,4,1,2,0,0,32.2,29,26,158,35,7,1,6,29,1,1,36,0,7,7.16,6.68,1.96,72.5,78.8,-0.24,-1.11
225,김유신,18K,-0.24,10,0,0,2,0,0,0,0,13.0,14,14,57,13,2,1,0,6,0,1,6,0,0,9.69,4.53,1.46,53.0,114.3,-0.24,-0.46
226,변시원,18두,-0.24,10,0,0,0,0,0,0,0,10.2,12,12,52,16,5,0,2,2,0,4,8,1,0,10.13,6.46,1.69,49.9,77.5,-0.24,-0.34
227,김진성,18N,-0.25,50,0,0,0,3,2,0,5,45.1,38,36,207,56,9,4,13,19,1,2,38,1,3,7.15,7.21,1.65,72.6,73.3,-0.25,-0.76
228,이우찬,18L,-0.27,3,0,0,0,0,0,0,0,0.2,4,4,9,3,2,0,0,3,0,1,0,0,1,54.00,21.83,9.00,9.3,23.5,-0.27,-0.16
229,윤강민,18N,-0.28,6,0,0,0,0,0,0,0,5.2,11,11,36,14,3,0,1,5,0,2,4,0,1,17.47,8.42,3.35,29.7,62.6,-0.28,-0.09
230,허준혁,18두,-0.28,1,0,0,1,0,1,0,0,1.2,5,5,12,4,1,0,0,3,0,0,1,0,0,27.00,8.03,4.20,18.7,64.1,-0.28,-0.30
231,하영민,18넥,-0.32,9,0,0,1,0,2,0,0,16.1,18,14,89,30,3,0,3,7,0,1,10,0,0,7.71,6.47,2.27,66.8,78.9,-0.32,-0.62
232,김주한,18S,-0.32,7,0,0,0,1,0,0,1,6.0,10,9,34,9,2,0,2,6,0,0,5,0,0,13.50,9.50,2.50,38.9,55.8,-0.32,-0.01
233,최금강,18N,-0.32,19,0,0,4,0,1,0,1,37.1,36,35,183,51,10,0,8,22,0,2,18,1,3,8.44,7.58,1.96,61.5,69.6,-0.32,-0.79
234,안우진,18넥,-0.32,20,0,0,5,2,4,0,1,41.1,35,33,198,46,5,0,6,28,0,3,46,2,5,7.19,5.74,1.79,71.7,88.9,-0.32,-1.53
235,박진형,18롯,-0.33,13,0,0,0,3,2,0,1,13.0,12,9,69,23,3,3,1,8,0,1,11,0,0,6.23,5.22,2.39,83.7,100.0,-0.33,-1.40
236,김선기,18넥,-0.33,21,0,0,0,0,1,0,1,22.2,22,20,120,34,7,0,5,16,1,0,21,0,3,7.94,6.83,2.21,64.9,74.4,-0.33,-0.93
237,이민우,18K,-0.35,30,0,0,2,2,3,0,4,37.2,34,30,188,52,6,2,4,23,0,5,28,0,2,7.17,5.96,1.99,71.6,86.6,-0.35,-1.06
238,신재영,18넥,-0.35,26,0,0,21,8,9,0,1,101.1,80,76,452,133,27,2,31,23,2,8,53,0,0,6.75,7.62,1.54,76.3,66.4,-0.35,-2.30
239,박시영,18롯,-0.36,21,0,0,1,0,0,0,0,26.1,27,25,129,35,6,1,6,14,0,1,19,0,5,8.54,7.06,1.86,61.0,74.1,-0.36,-0.35
240,곽빈,18두,-0.36,32,0,0,0,3,1,1,4,31.0,26,26,154,44,10,0,6,17,0,3,26,0,0,7.55,6.61,1.97,67.0,75.6,-0.36,-0.11
241,박정수,18K,-0.42,11,0,0,0,0,0,0,0,13.1,18,17,66,17,4,2,2,5,0,3,16,0,0,11.48,5.18,1.65,44.7,99.5,-0.42,0.08
242,김대우,18삼,-0.43,8,0,0,7,2,2,0,0,36.1,34,32,176,53,12,2,7,18,0,3,15,0,1,7.93,7.25,1.95,66.9,72.7,-0.43,-1.10
243,최원준,18두,-0.43,6,0,0,0,0,0,0,0,9.1,16,11,56,22,5,0,2,0,0,5,5,0,0,10.61,7.15,2.36,47.7,69.9,-0.43,-0.24
244,최대성,18두,-0.44,8,0,0,0,0,0,0,0,10.0,13,13,52,15,3,0,3,8,1,0,10,0,1,11.70,7.83,2.30,43.2,63.1,-0.44,-0.10
245,조정훈,18롯,-0.44,7,0,0,0,0,0,0,0,4.1,13,8,28,6,0,0,0,4,0,2,5,0,1,16.62,5.68,2.31,31.4,91.0,-0.44,-0.04
246,백청훈,18S,-0.44,18,0,0,0,1,2,0,1,14.1,15,15,72,17,3,1,4,9,1,3,14,0,0,9.42,7.81,1.81,55.8,68.3,-0.44,-1.10
247,윤근영,18K,-0.46,17,0,0,0,1,0,0,0,16.2,19,18,86,26,5,0,3,10,1,0,17,0,0,9.72,5.75,2.16,54.5,90.6,-0.46,-0.26
248,이동현,18L,-0.46,36,0,0,0,2,1,0,4,36.1,35,32,167,49,10,0,6,7,0,3,23,0,0,7.93,5.54,1.54,63.6,89.9,-0.46,-0.34
249,정재원,18한S,-0.48,2,0,0,0,0,1,0,0,2.1,8,8,15,8,4,0,0,1,0,0,0,0,0,30.86,5.12,3.86,17.2,102.2,-0.48,-0.44
250,진해수,18L,-0.49,66,0,0,0,2,3,0,14,43.2,37,35,210,63,6,1,7,13,2,4,37,0,1,7.21,5.25,1.74,69.9,94.7,-0.49,-1.46
251,윤성환,18삼,-0.51,24,0,0,24,5,9,0,0,117.1,99,91,542,164,30,0,28,32,0,9,89,0,2,6.98,6.47,1.67,76.0,81.9,-0.51,-3.55
252,유희관,18두,-0.51,29,0,0,28,10,10,0,0,141.0,108,105,650,197,41,3,23,42,0,4,81,0,1,6.70,5.78,1.70,75.4,86.5,-0.51,-2.73
253,이원준,18S,-0.62,3,0,0,1,0,1,0,0,3.2,12,12,25,13,3,0,3,1,0,0,2,0,1,29.45,14.20,3.82,17.8,38.0,-0.62,-0.76
254,윤수호,18N두,-0.64,17,0,0,0,0,1,0,0,25.1,31,26,127,33,8,0,4,17,2,1,19,0,1,9.24,6.28,1.97,55.2,81.2,-0.64,-0.65
255,임지섭,18L,-0.64,2,0,0,2,0,2,0,0,4.2,13,13,32,11,2,0,3,7,0,0,4,0,3,25.07,14.98,3.86,20.1,32.7,-0.64,-0.82
256,박세진,18K,-0.94,8,0,0,8,1,5,0,0,30.1,37,36,156,47,15,0,10,19,2,2,24,0,3,10.68,8.42,2.18,49.6,61.7,-0.94,-1.27
257,주권,18K,-1.03,46,0,0,10,3,9,0,4,88.0,85,82,407,118,24,4,16,27,1,7,54,0,4,8.39,6.09,1.65,63.2,85.1,-1.03,-2.79
258,김대현,18L,-1.18,25,0,0,21,2,10,0,0,105.0,95,88,496,145,25,5,15,48,0,9,64,2,7,7.54,6.10,1.84,66.9,82.2,-1.18,-3.86
259,박세웅,18롯,-1.20,14,0,0,12,1,5,0,0,49.0,54,54,258,83,20,2,10,29,0,4,40,0,3,9.92,6.87,2.29,52.6,76.1,-1.20,-2.21
260,장원준,18두,-2.18,24,0,0,16,3,7,0,2,71.2,81,79,349,101,19,0,12,33,0,11,46,0,3,9.92,6.57,1.87,51.0,76.4,-2.18,-3.12
